Time,V1,V2,V3,V4,Amount,Class,HighAmount
15795,0.6990923818599891,-0.4187048408064489,-1.6315008213841646,0.353392837596908,1.148346499574897,0,1
860,0.5998966337110059,1.4549278083256665,1.580954294903202,1.3931599690897811,0.028746606934769898,0,1
76820,-0.481248133823506,0.3715938304865265,-1.4371667607422924,-1.2259333649842028,-0.1609114167468813,0,0
54886,-2.093794004035063,-0.1183979005462292,-1.222237797075564,0.7860906407411105,-1.6744246982631066,0,0
6265,-0.4200474646275161,-0.2250059033703753,-1.022435379545766,-0.0632234564829589,-0.7884397795645363,0,0
82386,0.1392041109568161,1.207592170430262,2.0799459236905222,-1.5215276533923126,1.5330612288354546,0,1
37194,0.0018136111946762,0.230487214603503,0.4933833004115225,0.18158684594879,-0.4197599864271497,0,0
87498,0.7559352817916524,0.4323087311907701,0.9654079744353802,1.7091612329782118,0.14117116261230203,1,1
44131,1.9335426294299916,0.5410018726036289,0.1961675455787285,-1.120422659911617,0.08800740681347069,0,1
60263,0.4138748372508074,0.1329361852226909,-0.6018872112012336,-0.1099377153701835,0.29955432206750343,0,1
16023,0.5677683677576247,0.5198722263499834,0.6312912832601678,-0.9866389846395662,-1.6167379267234032,0,0
41090,0.1481817313791492,-0.1183234226809905,-1.5566159707968037,-0.4685829319100158,-0.5271379103656755,0,0
67221,1.1724357823922424,-0.0498086318265758,-1.095283452096495,1.4321701435246332,0.7801563269123301,0,1
64820,0.5314000109603296,-1.1191149280267083,0.7329751792614811,-0.2715244754913825,-1.1124779532302116,0,0
769,0.7491056769643236,0.2977602509183972,-1.35725523082678,1.4015657375153268,-1.1015469176980168,0,0
59735,1.8089568290201623,-1.7195410067122203,-0.1890814691618733,1.1090540479315865,-1.802319969106878,0,0
62955,0.2269843012193496,0.283558070610913,-0.1435123443554117,-0.362737913484448,-0.25439620070364666,0,0
64925,-0.2709622621677387,-0.2806160161648144,-0.528662003337162,-0.5025994606062325,1.3582169350000297,0,1
67969,0.446289348001918,0.3745851094509781,-1.951118474848857,-0.895998806814502,-1.6508914977424185,1,0
5311,1.1362423171192628,-1.048828334081676,-0.6289288911886926,-0.9308811941934042,-1.146673281811378,0,0
83104,0.5014267570260816,-2.119357368038642,-0.8249683769324855,0.3532073945078431,-0.7158034313555954,0,0
53707,1.0606385788214103,-0.3508653069735394,0.1614398632876987,-0.0197853152149656,0.8112909529305821,0,1
85305,-0.668974827316685,-1.0459126688570983,0.1104905386994686,-0.6236054349292066,0.4813847426248093,0,1
28693,-0.8680842254044875,-1.7805566832104824,0.3779614599368741,-1.5487629221232788,-0.33240250234143104,0,0
71932,-0.5450376153470914,0.76798326969457,-0.6759862729743975,0.1061787678222118,0.9103260509909116,0,1
93016,-1.267382301512335,1.601238227142041,0.5227779504658918,-0.4695521790613332,0.3690925039947249,0,1
25658,0.1102995786334214,-0.7969514357745502,-1.556006732773683,-0.195297695582094,1.4064100574556895,0,1
84478,-0.430025385849916,-0.0757708272214536,-1.821904732652354,0.3046618286980817,1.1238591551821682,0,1
18431,1.2302113536443784,-0.3077856166798123,-2.335572724166628,-2.5018028613878633,-0.9232270105023389,0,0
2747,-1.29122436219747,-0.658898421976203,-0.4992972395719973,-1.5332746037091247,-0.8557711806885977,0,0
59150,1.5549226766366018,0.663737213888021,-0.7532982243385575,2.2964430768051884,-1.3848506145479558,0,0
65725,-0.9812003352375492,1.0101414604286183,0.7893156118546,-0.5066105066996177,-0.6184489016840511,0,0
84654,-1.2382308511483495,-0.8686071892656042,-0.6486625870488699,-2.517433102397529,1.7812771420984967,0,1
35773,-0.8246513276510725,0.0447668670949035,0.2733763479442672,-1.4499401795162523,-0.3693185030478618,0,0
67435,1.9512800857357544,1.284533033933894,0.8132965765830771,2.484467368641434,-1.0403021563835786,0,0
56886,-0.0400851373730031,0.6890362032149722,-0.6863190756491158,-0.70299746026984,0.9226906608914931,0,1
66803,0.5294355116538028,0.8376974384004884,0.2980522101071755,1.159015244897157,0.125852718522043,0,1
31551,-0.1838917377280203,1.3679853074424142,1.0019275489551946,0.1211179983372052,-1.2970402886032346,0,0
11394,-0.0900786331802067,1.3548451723732498,-1.2381627748055672,-0.4849670374989711,-0.46008607434346876,0,0
69092,-0.5058800532342941,1.0286426303030658,0.0248523382446442,0.7754454707630927,-0.3377417129235623,0,0
3890,0.0507439588552664,0.1449374147811807,-0.6820343831993144,-2.384356675356288,0.8913506022222809,0,1
41606,0.4945998918817143,-0.3824830174580917,-1.1744898824931385,-1.4411326198566028,-1.7639986168979538,0,0
96276,1.6783055098228954,0.1034777653131854,-1.536451740490229,-0.4923510121395608,-0.8645320524248444,0,0
80038,-1.8744688748595115,-0.5344066860233685,-1.1906485721787006,-1.3429043982696085,0.03576164532762167,0,1
87313,1.6108203093925022,-1.9524868730106824,0.0600290057520122,-0.5807777885039715,-0.8651582765279904,0,0
10627,0.5279604270264738,-0.2794990658000403,-1.6108444555617467,0.8537130456828279,0.4371932459091591,0,1
8792,-0.3677627826530268,0.3575262438372202,-0.5507270240886372,0.1321367213359809,-0.09364082560843902,0,0
73969,-0.5477234829593288,-0.5872694177661788,0.8131944068528975,1.3306170355095892,-0.5288256666402236,0,0
43001,1.0436756453687497,-0.1927797872386079,0.4490109634189358,0.1953752843517444,1.5989730310635166,0,1
76552,0.2289785381885402,-0.1540367159667322,-0.530507622938157,0.9924608314945266,0.45068606869268985,0,1
23897,-1.5340651186989278,1.3568567742188886,1.6896904133587238,-0.0640703001284975,-1.36824505917186,0,0
68148,0.3630696033373087,-0.3594372740249021,1.8930364139116609,-0.5902754833597827,0.1896712608211795,0,1
23483,1.1443715354746835,1.3566333821834542,0.0261224315397257,1.4805680555418883,0.9887846855529082,0,1
48555,0.8578646587884662,-2.7124904918479738,-2.468542915884308,-0.7093502879360668,0.727138403353247,0,1
17159,-0.6268578695381544,1.3478557813290364,0.8864481970162597,0.3438448231242993,-1.2155941590736001,0,0
80077,-1.3420073040533562,1.297406114862624,-2.2939763400335855,0.7688973632244732,1.6830398639728923,0,1
35920,-0.3259731409814887,0.9022546733891916,1.4761461107200662,0.8414927044708567,-0.21335503638025785,0,0
92067,3.2539851260876063,-2.0119180032037716,1.0835849007422989,-1.1654426702200196,-1.2629101065668393,0,0
67121,-1.5449989485969975,1.018886995222481,1.7742125041380208,1.0519504058282658,-1.1862339875325592,0,0
69479,-0.8427350964869222,-0.0501191756752506,0.2602655583677267,-0.97895524610727,-1.4830790697066916,0,0
89475,0.3920418897325958,-2.52933743992466,-0.3613857671818379,0.8107036553499937,1.07131183204791,0,1
19457,-0.1245252475936842,1.298177707834696,-0.4501011336902239,0.535173471049099,-1.3968966377860657,0,0
66557,-0.2002048957310696,1.444173078548968,-0.5462601710308971,0.8186306617798985,-1.385688041113122,0,0
77189,2.024720998001007,-1.9045120718651711,0.9810686536747028,-1.2050035210990275,1.2413678090047662,0,1
78953,-0.8532599420379767,0.175421075300113,0.712271489505878,0.5879297427343916,-0.5907807100232533,0,0
52995,-0.0142805477050946,1.3885911214441826,0.120225633434213,1.0855936764081715,-1.7271050733151097,1,0
40757,0.2019074418027955,1.2301613134571463,-0.7221813079269722,0.1933957831617406,-1.6509119394032354,0,0
9692,-0.804736685075496,0.8360610511595236,2.629212631300273,-0.8186166796045768,-1.3239538578705201,0,0
45758,-1.4406527388068169,-2.647252879897509,0.91237461396287,0.9197476143279902,-1.0659991063465695,0,0
72409,0.2693176542525386,0.7295427666358141,-1.5977119197734089,0.1139196281007698,0.5701571176640041,0,1
71211,1.8136665758789072,-0.2181038983739428,-0.516256015937127,-1.674444263827696,-1.2690625358000034,0,0
65697,0.4045828951175248,0.9958575287184944,0.9317760974087056,-0.8961894623166603,-1.4083273965442353,0,0
37065,0.0900725869816612,0.2561614584338246,-0.799538921232684,-0.5262945312269738,0.9307899254351358,0,1
92093,0.082730435800479,-0.019881610288865,0.3515479588258888,1.5058182876396564,0.5915586292260271,0,1
99299,-0.2584177358174355,0.6409038494092362,0.950796300336148,1.3301830863062143,-0.2622109665536538,0,0
32606,1.1834823201410023,-0.1719133710717579,-3.388428082656393,1.326968531056676,0.15062133469984731,0,1
11534,-0.5054422737918634,-0.0242772798919419,-0.1080376997892503,0.2323602776838665,-0.7089238969029015,0,0
94663,-1.3567854844185625,-0.5552239991287617,-0.0687908464348781,0.9135947917791992,-0.09134844316764189,0,0
40397,-1.5816539256145454,-1.6054089911845624,-0.4120724556837896,-1.140779408685891,-0.0038015846576647883,0,0
91387,0.0790090142440564,0.5678534737712714,0.3016951349460409,0.0068030983927711,-0.4363720452065487,0,0
1016,1.0606924631803016,-0.8060303196705698,0.6575196074958747,0.4516327016495964,1.4445526697762616,0,1
89789,0.2374852516219396,-0.2007918660407341,0.1420509443246091,-1.0748990573091202,-1.7806932953616539,0,0
55591,-0.317368785270643,0.2869739584539333,-0.3738273940494321,0.2099120896418698,0.9939979331737568,0,1
89812,0.458441296561979,-2.085217643565439,0.6326212997842696,1.6866391858043444,-1.3883769555668821,0,0
23247,0.1862123438946257,-1.8613489036768232,0.049053409274357,0.5587697845606268,1.049687006846043,0,1
24300,0.8261904736542662,-0.2997385766092028,-0.2307004131954782,0.9175452066641204,0.39184065110537775,1,1
74065,1.3265038874367736,0.4545634822996556,-1.3122793853389192,-2.4524069234322625,1.2153143400000055,0,1
82798,-0.954390128572995,0.7440382706491612,-1.5626547852660784,1.5579688491529242,-1.4856891762461424,0,0
9268,-2.3395965636433984,-1.5913144958759071,-1.3312297927140704,-0.1861223477521695,0.18564721709909718,0,1
86807,-0.3515367986204499,0.636631484412815,0.2783290612202149,-0.7686863140700423,-0.024028472384834333,0,0
12185,-1.0193414672400714,-0.2450696183163363,-0.0790787476063516,-0.1746378518099301,0.7188208983901755,0,1
63704,0.8319581865745113,-0.8831572450964771,-1.4802840982074632,-1.4850221582808978,0.09622479949390142,0,1
86779,-0.7243337953470994,-0.6485518560593707,0.6459178257938111,1.0479420617521424,0.1195637020129092,0,1
39099,-1.875778638563943,0.8018573320401665,1.3743095131790952,-0.3353957227737928,-0.28295761504165917,0,0
8571,-0.5742014488076791,0.2740057850855715,-0.5984936167163358,-0.7386308120260694,-0.7203310892719405,0,0
38044,-1.4919743254588491,0.0503065227553204,-1.740981857368374,-0.168055065688365,-0.09220340042522181,0,0
51214,1.59015771901085,0.2434957388078998,-0.7091263849019127,1.118015654576141,-1.409711039632248,0,0
61228,0.4716419544480689,0.9280977766161936,0.8544606267946941,0.1314584007812206,1.6435381765278931,0,1
48984,0.6475581090137137,-0.0970995674033232,0.548529858534774,-1.409693769533467,0.7485832913882472,0,1
40774,0.5360265349048582,0.0543188864542365,-0.9224326860114788,0.4649808297410822,1.6107746133659036,0,1
2568,0.8401711592784255,1.1381707401378054,1.5211721377647418,-0.928979954322625,-1.0177059666787158,0,0
62592,1.1333420250690736,-0.3315866242631585,1.3482800659263987,-2.156101031374817,1.3459268787375485,0,1
67563,-0.539745359324594,0.6181405952806814,-0.7330060632766411,1.4960072127171782,1.09040548693329,0,1
2695,-1.4199616329916904,-0.5037044806731414,-0.7432900029649667,0.4572298748276889,0.6136411794221033,1,1
48190,-0.8469337372476631,-0.4158673414117847,-0.5928279373794895,-0.0782706638034148,0.42486153597248527,0,1
5258,-0.0452496237393199,-0.1040497567996366,-0.5073327753885459,-0.3456095146966987,-0.6923880666377966,0,0
87538,-2.564341981460694,0.5152728529867655,0.9505380079284438,1.397079500733316,1.118006464131323,0,1
39504,1.1427258832938323,1.1941819625510688,0.425329060476594,3.087155150198406,-0.022479860846179214,0,0
33159,-1.8967472201829223,0.0965452635387751,0.8770787693505876,0.4487805185665164,-1.5821113196005467,0,0
13986,0.5990933258291411,-1.4998369113235444,0.6735651431866999,-1.029634682327876,-0.7057398300846599,0,0
61858,-0.1680707892055301,0.6314462935339378,1.714527068193732,-0.1544655188679761,1.5485883265883773,0,1
12666,0.2851753246496535,2.4538421741457093,-1.0593855438091404,0.4305726720940491,1.2421234814905353,0,1
38660,-0.4719197412901411,0.1086688310673504,0.3803585303839162,-2.3495283069918655,1.7173951218222914,0,1
3561,0.2172064778930646,-1.7087676391795794,-2.1738212562346977,0.3344992017781177,0.43559724826228846,0,1
26854,-0.4718775241178692,0.1696528894708512,-1.3169555740968584,0.4364251294930788,-0.9424353199024735,0,0
64505,-0.5561811458019884,-0.0030126031838392,-0.074853385934847,1.3263421979872203,-1.2491833369410164,0,0
52251,-0.8972363313613058,-0.0871088433623894,0.418206612754536,1.2221233023730538,-1.1619002820719673,0,0
22662,1.5258299572508311,0.9454098999771328,-0.1018157420295695,0.1111721602895362,-1.767170261016888,0,0
8392,0.366909417096974,1.378274786335724,-0.5671924188126782,1.5146369065803584,-0.4238955414303127,0,0
30535,0.2094968626323586,0.6835857452010828,-0.3894178774930377,2.035678319038756,-1.1455542521590747,0,0
78603,-0.8755617880319608,-0.1330580846710684,1.3694409764241042,0.0279514552444599,-0.347934368061231,0,0
52256,-0.2348483335893075,1.1256787843696296,-0.3840321778801405,0.4181870784677489,1.547492129807684,0,1
89135,-0.9872292076729252,-1.4938296412142409,1.7492416220435278,-1.7672973531105762,-0.27953767736309654,0,0
35222,-0.4911635287494572,-0.7160561207339946,0.7940170735411335,-1.450973262441088,1.341013829751881,0,1
77373,-1.2091223895609855,-0.6046277786017297,0.4575373461482303,-0.8381963140095188,0.3541480901155029,0,1
79575,1.589144132202551,-0.0309506479319345,-1.1935969103209956,-0.4436183045170533,-0.9438062362574561,0,0
96354,-0.7569060905115959,0.5067346624868376,0.9352381613996268,-1.0961230247380684,-0.5500330716415839,0,0
84651,-0.8750788228681176,-0.2007129483372837,-0.4937705777484992,-0.0359954119772419,-1.534926718768017,0,0
63335,-1.325610275502588,-0.9060357945022748,-1.1944397580056998,-0.4137091676746184,-0.6311329064782984,0,0
10965,-0.7712054615817139,0.9748502846961302,0.5128436130793774,1.0708952313396154,0.6150483664857317,0,1
24538,-0.494893427565281,-0.2354567222046938,-1.3879460605665397,-0.474773645483708,-1.5776944788240852,0,0
70592,-0.0494795527831979,0.1021289208710336,-0.7622414621295822,-2.2867179482154945,-1.0949442732872738,0,0
98018,-0.6453222091974863,0.5510677454759079,-0.0101159114689113,0.1257511725354201,-0.45736480149774483,0,0
8110,-1.6006110090276338,0.0388776079229468,2.2184214241147275,-0.0141980244113391,1.7179160769815989,1,1
79309,-1.5145748438162376,0.0432716947442902,-0.6869157557924875,-0.8620498814044937,1.0037425895935692,0,1
27266,0.6796596691634188,1.0304734204358297,-0.4582165193005753,0.094999883497037,0.8176725917716812,0,1
52992,-0.1227887491575147,0.1513694745703764,0.7323450544216452,-1.075264588226335,-1.4180462468919546,0,0
82948,0.6488932412535497,0.862796985790489,-1.238295688376046,0.3298399536233427,0.989740985818592,0,1
98806,0.7802751644200016,0.5446674443183898,0.4428063810209154,2.6329244369298515,1.0052166187366418,0,1
6910,0.1510799621527284,2.016887544186916,1.205926807616588,-1.8056054729067663,0.3382046911730437,0,1
90982,-1.2317307675098257,0.4094134178691302,-0.3070948847111013,-0.5162420870091603,1.748021324742586,0,1
206,0.1895849201605889,0.637973270150773,1.0261542813968656,-0.6765051214491359,-0.6608630908827264,0,0
87054,1.399596647852733,1.101656713996367,0.2914499232118062,-0.4332598834875436,1.5702298185623358,0,1
87897,-0.4474280242581382,0.0636177599501698,-0.7306819638037806,1.0199245795969742,1.4741025489554793,0,1
23419,0.3406152512883598,-0.6378530967294409,-0.1978046858965063,0.5428265593190245,-1.7972854818087525,0,0
50636,-0.0137779552671918,-0.4741455811234567,-0.3797573399802421,0.8487665026064236,-0.20863626940351035,0,0
50015,1.3723777965472466,-0.4645069255024879,-0.0876382578164775,0.0304955047535981,1.7000051995451924,1,1
54268,-0.6777860929933844,-0.9503309681967184,0.1527178992198285,-1.3220993199448576,-1.465381638217838,0,0
87939,1.1535318720078684,0.317805169201884,0.5881999349718571,-1.1146853612599796,0.1450978180144675,0,1
18141,-0.3750106283698141,-0.6295165480490841,0.5086682495871356,0.7462597074665923,1.706717378113303,0,1
80356,-0.6941459535074941,0.1948528212018469,-2.431713571262148,0.1708318984132972,0.17302450078264073,0,1
71910,0.1098600730432487,-0.1586744437106363,-0.0973081887720267,1.2602074060788384,-1.1513939531121795,1,0
56044,0.3424569180075144,-0.0416214932925149,-1.5094219134067626,0.2932621032467971,0.2696822644948382,0,1
67214,1.9115296065094285,0.556056647828856,-0.2757272524673258,-1.183014993332125,-1.0984242190297886,0,0
33827,0.3195375788687147,-0.5418991243885478,-0.1237895878109199,-0.521901814183155,0.043396250147329646,0,1
55820,0.1932780618493858,0.6388910459367731,0.976148358084709,0.5648141496829298,-1.5707003399132313,0,0
62623,1.5961429439016337,1.5673078666389522,-0.0301154671000995,0.7103324962386257,0.35406805785615664,0,1
81734,0.6010539442115366,0.3431090829517585,0.25921801834326,0.855108632154688,0.03284116674607687,0,1
75450,-0.6442751801679479,-0.7820956852724686,0.7930563806574291,-1.048524113205193,0.8418467056910004,0,1
93426,1.355970385308192,-0.6150180113397963,1.2277522598193,-1.201030166076925,0.4454017681991105,0,1
22299,-0.7396187694293522,-0.2482629007851155,-0.1230139233569104,-0.1898025197474207,0.15169518625128625,0,1
43585,-0.6492472783337095,-0.5948902970695659,0.0941794416804088,1.4400735165334546,0.6593715457334037,0,1
64044,-0.8485206993879135,-0.9911803096100498,0.0100233022422537,-0.6938683208080181,-1.3175379679292982,0,0
42557,-0.9362450282779562,0.1544072769616918,-0.5425989644310762,0.454971890600973,0.31740459771503415,0,1
49080,0.3331732948398245,-0.2211973317257989,-0.7691152234423897,0.455061138938965,-1.2155167485373581,0,0
2693,-0.2579021645435432,0.1897208835580581,-2.2718859164259353,0.7607727496706133,1.513185675826095,0,1
95003,-3.4781692136365563,1.186387412215288,-1.0766609345243296,1.6644402539482102,-1.5913739555833308,1,0
95259,-0.2682630619495127,-0.2363528339243592,-1.7786308332098035,1.561906424766106,-0.2801369389076795,0,0
69163,-0.5179122558056343,-1.1854200046803112,1.2551984844532522,-0.5946058338395052,0.6811697843280595,0,1
25939,0.8928253642988553,-0.3988924922535511,0.1884160082974283,-2.097895441308674,-0.18000349787514813,0,0
48925,-0.563258611460363,0.7704252171166425,-0.1259389729468336,-0.6785293353647427,-1.5053159458881182,0,0
42941,2.5392577912108925,0.676770270716955,-0.7174851860810817,0.0756722940472353,0.16535930483250255,0,1
21834,1.3967935787702428,0.518639647613567,0.0297792632346238,-0.3616452776856571,0.4849931950750629,0,1
18047,-0.3899103910097781,-0.6247067231621034,-0.8479798776553341,1.967898942928135,0.7101254321547545,0,1
26105,1.1496230788330823,0.7519026180326984,0.1740185566206036,0.0187803043164492,-0.4869955287990293,1,0
75766,0.5252117126909476,0.976899078037066,0.2457339829213534,0.6537118802561939,0.2025948164422881,0,1
15707,0.2334657964802428,-0.695421629889976,-0.8613837023567438,0.2172143096473435,-0.20657203287546086,0,0
21976,0.8026522556074296,-0.0415700975425245,-0.8804619648224059,-0.3466331834908221,0.5951831583448923,0,1
44262,0.0540708742604863,2.020401963682112,0.9621993545951174,-1.9248116779626665,0.2746576592073691,0,1
23776,0.2403511560774776,-0.7398742764633875,-0.0528599542913003,-0.0786176385414852,0.06531519685951472,0,1
30080,0.8233525162789653,-1.7050866692437248,-0.7810204292648907,3.2546472931541266,-0.9351399609512999,0,0
66842,2.05245274174549,1.3829044344647987,-0.370506301689519,-1.2444583998378338,-1.8315554209042557,0,0
61373,0.2511949722196741,1.1366047717045602,-1.0105940867066072,-1.8148730443742245,-1.2083779279478186,0,0
6776,-0.453796664972156,-0.456967323577425,-0.0671835806619168,1.93638930256891,-1.4148768687343456,0,0
92787,-2.0292308550939886,-0.1129917818680865,0.8316283076644685,0.742082969869335,-0.2123731704056538,0,0
55016,1.9613034719636375,-1.2249350501889522,-0.0276706675942613,0.1874198805234364,0.37860746340993096,0,1
9474,-0.2632417125719598,0.0889522726097021,2.3636334436753845,1.3626738623670578,-1.0671158480650913,0,0
58053,0.5348092900812669,1.1659137153714003,0.4213595680490015,-0.8315019429560967,1.562206266652139,0,1
21959,1.9059072369269945,-0.5426048417582781,0.2299544478422123,-0.1065947609146517,-1.8146647759301657,0,0
5530,0.2276023209304917,0.8771019787862927,-0.9083021309658056,0.9551541169008232,0.9582499180586452,0,1
94856,-0.1946702618774796,0.463723857390432,-0.2385334468426667,2.1103543678203955,0.4254974632259241,0,1
3748,1.4196729775437449,0.5778168908811395,-0.7790138430336923,-1.1685443146566084,-0.4859271478448988,0,0
97504,0.4607370675639193,-0.4843091805863683,-2.1656452284041237,1.2807344585603946,-1.6560054693696578,0,0
98098,0.5861056047234005,-0.3546241829334943,0.9742622221288076,0.3818390608409839,0.43376168334199566,0,1
13545,-1.5231608704717607,-1.8467724344714016,-0.5114505555502311,0.163061067429416,-0.442252965030694,0,0
66199,1.2059152072425854,-0.5666694125101056,-0.7604000743333061,-0.0077292222547381,1.5521016158054253,0,1
34766,0.3755880679916454,1.163485458031259,0.2105700339584648,-1.384646620694603,0.12411089379564988,0,1
73530,-1.371589379723124,-0.9293321941022736,0.512499552221517,0.9630889982130324,1.5643591171407487,0,1
93557,0.4850941116132751,-0.7803016538569048,-0.3207748329062787,-0.782269020326328,-1.040319328095519,0,0
61087,-2.0625256739117495,0.6401898237071239,-0.0026016676090183,-1.079690702502347,0.789564433872063,0,1
95839,2.3419752025129954,0.4027682919930935,0.746187407314403,0.885458958900338,0.3966833720033873,0,1
68840,-1.1018547999817607,0.6898632497963005,-0.3601935946099476,0.7891340251466785,0.8391189908391609,0,1
54384,1.611792765718436,-1.163220540090404,0.302333741763334,0.0790000836110624,-1.0613830706135485,0,0
51005,-0.8129555481186533,2.5640579493003464,-1.6592446183891505,1.0795436208116411,0.5696077710315876,1,1
46576,0.5602257109707197,-1.2157533741672504,-1.2413189984277486,1.4259365814791152,-0.03506584647077543,0,0
39353,-0.9121282566094988,0.1542473137340681,0.6055397780804037,1.3082240778255405,0.851493741250971,0,1
62003,0.99711522189782,-0.1586554958685864,-1.2935586391672984,-0.5282789734019799,-0.6543774040290553,0,0
83211,-0.235318741907252,-1.1866415173650475,0.2341375471132961,1.014104931279712,1.3847380536858092,0,1
52733,0.4677795462077097,-0.3702094228132498,-0.1469987821970727,0.2116409775086488,-1.5335439942351399,0,0
65318,0.0150643815789947,0.0233076008858696,-0.3644672625202288,1.7259077703523744,1.084608203556643,0,1
89474,-1.3656647864836555,-0.64997321186347,-0.8284627689677282,-0.123728336267173,1.280657081781655,0,1
23664,0.5041068596905343,0.9372236215348492,0.9093400181053756,-0.3564716373683305,1.1210543002907396,0,1
67172,-0.503237485665748,-0.1616257454624711,1.7298911545198354,-0.6137968768428766,0.018123840049233047,0,1
85616,1.0453127930076107,-1.3412746710182866,0.3001921626001944,0.1892878942355554,-0.25112552628477974,0,0
93264,-0.2358598081506769,-1.426125532669297,0.3224907156728172,0.4667254675921039,1.7693917428499886,0,1
26736,-0.076763909028332,0.6061650906114562,-0.682330629857494,0.485962282927271,-1.0088522391859207,0,0
94209,1.6829264643729365,-1.4867707827003362,-1.19609723182438,0.3491725403118567,0.14180658960182138,0,1
854,2.3816367945079504,0.3164260730490836,-0.0397389048061745,0.6710370126798062,0.5901832218503612,0,1
90084,0.7860339557120828,0.4446551856669591,-0.973749647958076,-0.2225418359143981,0.6995328582390978,0,1
38623,-0.2871400974233853,-0.9953553639240168,-1.7726101283158218,-0.8725153155918715,-1.0999305533309938,0,0
7392,-0.3746613283561439,0.8907380837748904,0.8034458123655823,-0.9598279969136478,0.5297664901712223,0,1
55680,-0.81867698531858,-1.7177936237616322,0.852166788251833,0.9750510953034685,1.1251007693380204,0,1
46717,-0.6252381835535565,0.2964589339985586,-0.8588387729530943,0.4703223105282899,-1.6577090443851517,0,0
87092,-0.2736097435039684,-0.0408579335960086,0.2439643212792442,-1.855837770950324,1.4624772328489446,0,1
50859,1.9642529669949,-0.1189979757308936,1.0019522677917667,1.0967534267999406,-1.7320084375163998,0,0
26309,-0.1972216708535237,-1.1778966429805726,0.2050266870618789,1.880435146402655,-0.5496119538352715,0,0
87455,-1.2260530041981026,-0.9370220043999258,-1.1931546460987337,-0.7159168507585327,-1.7815939226032864,1,0
63734,0.0416652671253828,1.618802025020598,-0.2328934132370986,0.336160046276041,-1.5594620886801802,0,0
70467,0.1781284257610645,1.2151550088717538,1.3268094200419909,-0.4734580936323596,1.4611987096946695,0,1
52662,0.0356354598504558,0.7420845885237987,0.2470266436051129,0.6283069254711667,-0.5536328770137559,0,0
98506,0.7996912225852074,0.9398481035296876,0.5391321031828054,-1.1660088890752252,-0.3004306507281592,0,0
12688,0.0690055113590333,0.8460135446712688,0.3416292193691143,-0.0714456570987807,-1.058932863204329,0,0
25342,0.7687274921473288,-0.3233562122862087,-0.8555113579782533,0.9813141279987811,0.3236924284432658,0,1
37157,-0.780343354057715,0.0476035518143513,-0.6208452192826428,1.2357117392988397,0.3153892622410888,0,1
67863,1.7807294381452228,-1.4725083780410089,0.3388651570517423,0.4264958189196887,-0.490832540467264,0,0
52083,0.252479788343585,-0.0896956268075261,0.8168717800204081,-0.3390453032097392,-0.6326820271438227,0,0
65733,0.4002189704070378,1.1834142495391866,1.0999049509178829,-1.5926010843436085,1.3662932754152042,0,1
89045,-0.7845118938133024,-0.6607072482571356,-0.8581055447681935,-0.7575497112392817,-0.4506891152696836,0,0
34698,0.4718269912663959,1.0231412046872264,0.4331205346771937,-0.4692734047547804,-0.05150662620527899,0,0
80623,0.651065056670304,0.091585738693763,1.1870441117189765,-0.6977337833016141,-0.8127942913093053,0,0
22671,-1.16976843382509,-1.3853718656697322,-0.9870817702880224,0.0595529683136153,1.0106518170236491,0,1
25184,-1.6590915883876567,-1.1073195133463116,1.486747135799774,-0.3418877361712849,-0.39939030981012774,0,0
93384,0.2936660236094656,0.919302869707755,1.63894082734419,0.172121372335443,0.021327869310257794,0,1
42107,-0.4887698234555325,0.5525240852583849,2.6250863396216606,1.2026273010476636,-0.9212583332028489,0,0
86202,0.2599214691357293,0.1017640729876253,0.2309334408299947,-0.4064622212293616,1.7382345476087384,0,1
51663,-1.291036070898115,-0.2740318142479456,0.2364246762624486,-1.3828669772542248,-0.783128245898842,0,0
15708,-1.5605059143826707,0.2105679776285854,0.8269943891173177,-0.7017075981248749,0.9526054074755357,0,1
91906,0.206689463001077,0.880296249253249,0.7978026730494165,0.5835884699732719,-0.2905644466342939,0,0
49811,-0.3497837609568522,1.4758532804872848,1.1263668609956057,0.6779437849526732,-1.0919889008155685,0,0
2811,-2.1106995211501784,1.5236841994406047,0.7840331804651037,0.4060851970162342,1.057551385039558,0,1
56250,1.3430988181077297,0.3719599007584981,-0.1060619090380386,1.3007373058880158,-0.6306106601721997,0,0
72082,-1.3076570681837574,-0.1719316903645205,1.221997120973502,-0.1863630698769854,1.2946869074486878,0,1
34754,2.573324952110432,0.1462480078188555,-1.0712541496927257,2.052166148009324,1.476007866539194,0,1
95742,-0.6240167288885785,0.5221203572550798,0.0058523367253764,0.818187136105907,1.2752396354235707,0,1
11411,0.4015605681259986,0.5180669438450914,1.5637356160497993,-2.5234874702078773,-1.7120745858187172,0,0
2911,1.646949010387185,1.307986637140105,-1.2502464981203194,1.8006586299635663,1.0128388077174093,0,1
67270,1.4794339278288249,2.115755721916655,-0.6774756569971631,-0.7669866101357218,-0.34907883341366086,0,0
83763,1.9861364062268827,-0.2052546296140864,0.6717472910772914,-1.0341011894569307,1.325579271967968,0,1
8680,-1.5230762388803532,2.1558849088244623,0.3939119732361523,0.5237711098328938,0.47167351446711814,0,1
84896,-1.135865497507247,1.1722392467583935,-0.8750254076562449,-1.7381804723365435,1.1804185011481954,0,1
83879,0.2259972740940297,-0.1008229901852079,-0.4161940027301405,-0.6954692313216133,-0.030026564822848437,0,0
71295,0.839747437897714,1.49856483886508,-1.1807820626503391,1.5570985406242073,0.0988866475663769,0,1
88614,-0.011227443379638,1.685648301419165,0.9804849995205722,0.5562175789975026,-1.3159236666482232,0,0
11111,-1.6379940357133889,-0.4602954441938467,-0.2558813576705316,0.8122397809392198,1.000575459227719,0,1
37504,0.4965781589647992,1.732215252485648,1.7921559107606324,-0.656910600497474,-0.31992285746465654,0,0
1802,-0.1942513882340345,1.0750828210359633,0.0811002440400214,-1.5383699989681032,-0.027678379777573415,0,0
8155,-0.2062389589558665,2.368559127979192,-0.2197403034028768,0.7068174293137341,1.004596938946101,0,1
73656,-2.2779504178105574,-0.4240385819994989,-0.3168217612917976,0.9302561562419503,0.3300292293342173,0,1
39384,0.7974842044783146,-0.353426743735996,-0.2441998351924283,0.8849933860811098,-1.1105277021780475,0,0
47254,0.1452040602854581,-2.02666212974334,0.110821095133803,0.2090692301178654,0.29883564684190805,0,1
21918,1.7951645566389631,0.5711939205679621,2.512407576578319,-0.9670682434720708,-0.36250340981490015,0,0
85981,-0.0745076465311726,0.3752512556187183,-0.3388596700993594,2.43776958805973,-0.13834079282171105,0,0
60713,0.5663401305190223,-0.5629936715356667,-0.3063534607713095,0.4797874429841756,-1.7363284449096656,0,0
30306,0.8318181761052628,-0.081850731488058,0.0655938456831786,-0.1738866415891678,-1.078182819326922,1,0
16646,-1.7461615586611912,-1.3112210101751152,1.0902745063442605,-0.1694492374833676,-0.8210037455020318,0,0
46843,2.616699946601593,1.198444952831686,-1.4209845610727792,0.1495974780735538,0.7433289513245819,0,1
96601,-0.4307923879226167,-0.4896994745283101,0.4550927369096452,1.0696082621579808,-1.7972426955563705,0,0
90735,0.4945666021424846,3.0940490156209512,-0.817425176021162,0.1896281233054525,-0.3583586157867078,0,0
16371,0.6405820069491515,-0.1756013007110328,0.553272688950949,0.8585131534474972,1.5077698701327205,0,1
77371,-0.8147841279902974,-0.7596188410483099,-0.4937599423604561,0.1513976878932073,-1.4336574148972132,0,0
2049,1.846980331447603,-0.4123131187348619,-2.3041023397572866,-0.1123538914703808,0.03151721627006698,0,1
31616,0.2659552693544323,-1.4119609765442511,0.3695776026874853,0.6412503933283891,1.0097567955303521,0,1
20932,-0.2134726369073337,0.4822718907029422,0.3611447703468686,0.6032860336737964,1.5747891488694417,0,1
29855,0.1385079623884422,-0.4198996997791222,-0.5790803084794298,-0.169634119095155,0.865805860651688,0,1
61434,0.7642521986090233,1.131252790397738,-0.6383438601430024,-0.7492069577142593,0.770874661321259,0,1
72694,0.0107981648096999,-0.2747474951744174,-1.3113727250876526,0.3417289147404346,1.1545043983688583,0,1
43016,0.8819299103832398,1.384442111685647,0.7730999415388715,0.0783486689625938,-0.22281670348655636,0,0
7400,-1.6848721389677392,0.757455749317041,0.882215782466808,-0.5548717127707574,1.0797376636459355,0,1
42642,-0.7479699898264902,0.028596776718344,-0.8790508851758898,-0.8424004825367968,-1.81002063678891,0,0
15151,-2.1388003148093153,1.5802325873508214,-0.5399344595388508,0.4104758438944562,1.5097045785461805,0,1
51407,1.9970081568429456,0.9522934610372096,-0.0632891211389634,0.5500950570276945,-0.23330075513510343,0,0
66690,1.9839921276849344,2.9462128266632255,2.2708652810355465,-0.3600321146548607,0.16536354863116245,0,1
4499,0.6266160675329846,-0.4094552449782045,0.5451217475889322,-0.5799370359129257,-0.9157348101487728,0,0
6295,-1.0126180709130317,0.0766161054584606,-0.9434155150083792,-0.8302551890371905,0.8504284189716792,0,1
59040,2.389878272218324,1.5687090110109296,0.3037803094905055,0.3822549391449188,-1.5613068936852355,0,0
12183,-0.6044144781317121,-1.5435378118351124,-1.3766915406380815,-0.8039770736407367,1.3216419546935125,0,1
29299,-0.2132071269051642,1.316943563232562,0.7179903099161709,2.2411345690207307,1.160403356536504,0,1
12874,0.1595334057307223,0.4393027576814708,1.6755473935444851,-0.410281435970997,-1.056340618220727,0,0
32711,0.4515159420189696,-0.8882107554472478,1.679791685083958,-2.425214277872601,1.092341023907166,0,1
5539,0.6438026017043184,-1.3630396585511215,0.7348935034743387,-0.0301716666291348,1.00916046940369,0,1
53351,0.6839616374744509,-0.672489473130284,-0.5834123558681296,-0.0730334798188025,0.4508928680019944,0,1
61267,-0.1445240853539046,-2.284819572325572,-1.300901756514126,1.1117185675241883,-0.4860525494128373,0,0
48354,0.6681009517567125,-0.4895394436915037,-1.4002050433691091,0.2881262367277042,-0.8555532335659167,0,0
2557,-0.1892076594956772,0.6225563333425816,-2.8062171094985433,-0.8338351834398022,-0.99939341770181,0,0
38360,0.5793034368722204,-0.4763006409688278,0.6938557630079215,-0.2863918734967766,-0.6849297131539974,0,0
82018,0.4972917778307751,1.388312701433808,-0.1028355202243994,0.3274197716509878,1.4336374224952821,0,1
2200,0.7628472907981209,1.6599476027252875,0.9092161664531274,-2.16471425031041,-1.5576671000721793,0,0
68497,0.6379666990209654,1.2756444826257742,1.428031485234788,1.338621734390451,1.1631358098424438,0,1
46975,-0.4424323749112973,0.2306409102643649,0.0999055439024097,-0.8311698858046648,-0.5752577304894892,0,0
21357,0.4587101715590127,-2.324679272486469,0.1459616097131501,1.417043820947617,0.050260033895797036,0,1
77505,0.6533997379148864,-0.7036974920326059,-0.4643203444974664,0.3924651411265885,1.0385980595452704,0,1
2869,-1.2911243889487058,-0.1420385267743868,-0.346084417172408,0.6295941363939743,1.364164524961894,0,1
61135,-0.2740443572310294,-0.8938676495048108,0.7284699124729339,1.1494234360012725,-0.5901384367334979,0,0
50108,0.6081138912183334,-0.139505475486571,-0.1743750303653105,0.5731320526924983,-0.1661636425148642,0,0
94179,1.7092924947296215,1.6100674686933796,-0.3190076667528238,0.6728862163174513,-0.33757384533976303,0,0
90272,0.8249001861287341,-1.6457765295153182,-0.0183168594428511,-0.1644164404613813,-1.7908735509016938,0,0
38467,1.7723779869775955,1.8116920561190264,0.8863301960615896,0.3721686814720952,-0.767021587505801,0,0
23328,-0.3983733901769485,0.8847264217541372,-0.6926615578301026,-0.587497814971743,-0.17577678313529962,0,0
91412,0.250190492247643,0.2682168082776955,-0.0665285175520326,-0.3434110995879674,-0.34996927932095506,0,0
86831,0.8057352995261183,-0.7136165557407638,0.2452778377784297,1.9646950479689085,0.7758136267118347,0,1
3987,-2.326351713499777,-0.8739503454914255,1.1602219035852392,-0.8081935850504217,-0.4451862410699786,0,0
58871,1.510803218114526,-1.6262177145887398,-0.2392967767994188,0.1543171266362807,-0.0664448763061952,0,0
22399,-1.8609098808546465,1.7167654803143868,-0.7178233860517221,0.1134690367154761,-0.2829118045630224,0,0
46214,0.9969400682784032,1.5376115600740414,-0.4843609442723555,-0.3107544717807992,0.8435300440773416,0,1
99522,0.6868317905426461,-1.4062846285832822,1.0530574330153792,0.5144009365704378,1.2866430874801404,0,1
86416,-2.3395930025148863,-0.5526279949062014,2.0333052986034645,0.589722092741383,0.08752715687362456,0,1
70271,-2.2890612569329973,0.4331447692319086,-1.3137578136860328,-0.9258191831475792,1.0202955375300173,0,1
44064,1.432481917452506,-0.299509138172208,-1.0953016150698571,0.1013567115465513,-0.7639655416083897,1,0
70091,1.214722059686548,-1.9186747570318177,-0.1687967867021452,-1.082367338772357,0.12186369769660453,0,1
40818,-0.8808636444882607,-0.6577727605556882,0.1109560960680434,0.788548618317301,-0.5885139399693644,1,0
45525,-0.8818788950440642,1.9510342980200188,0.7869695655549953,0.1764873103626253,-0.33871521509833813,0,0
19830,0.5126049723762208,-0.5899785904144441,-0.8911330086014864,0.0823298867170872,0.8137868342120835,0,1
17429,-0.0127441504883682,-0.1634673367022069,-1.0631090366494642,0.6590313488724031,1.3543347388917661,0,1
6893,1.0543952158491143,-1.1451774240353807,0.1380871531336298,-0.2755102904684009,-1.398834672032394,0,0
79909,0.4795809244330867,0.587762985283748,-0.2584007202071684,0.9140219592182044,0.45966724141911813,0,1
47333,1.5830307939565351,0.1151517990245837,0.9267209977715248,-0.948444872756136,0.2695394842257696,0,1
3436,0.9700777779137266,-0.7420197415569786,0.4873598031903837,1.4118765188945277,-1.409991075349792,0,0
74290,0.7207730491405775,-1.304655395807425,0.5553793476332188,-0.5509111825548537,-1.0714282406420834,0,0
76213,-0.3521247203036739,1.4045433740108757,-0.1044813463768665,-1.6961790676955877,-0.7124787814432116,0,0
5895,-0.4253212341618447,-1.6055434066410803,2.3555802585682057,-0.3285349084627318,-1.2342759519336468,0,0
19738,-0.0517589847053008,0.503815695589555,-0.83774798159376,-0.441968197254209,-0.9561278442951631,0,0
30746,1.840943069937208,-2.153879244711573,0.610809833754775,-0.3360739861500365,-0.8696708288633386,0,0
49377,-0.4062747293897843,0.7072116830123825,-1.269689987073107,0.2316480154839828,-0.6231242504013016,0,0
48404,0.260528987074016,0.9702988872600607,-1.0734676777394525,1.0978423608882726,0.8752725566145465,0,1
54045,-2.2448029077073093,1.0947837116399135,-0.607345598765455,-0.1917059138971368,0.232482712456967,0,1
97888,0.6758087300440805,-0.1612084685698682,1.629323336618026,-0.6916175698189009,1.733117239529753,0,1
39790,2.2571982810931392,1.584003605563696,0.2638944304540191,-1.1265468122837972,-0.3367779118694826,0,0
5600,-0.9336381092629248,2.307791694996068,-0.5904780685443752,-0.4681827913090443,0.8914787169482871,0,1
94660,3.1744421371267584,-0.3216231360459632,0.3744363259545732,-1.8878248392503527,1.3174139393453352,0,1
93179,0.1822406046566533,-0.4510050301299276,0.0351478814245085,-0.7251330935163611,0.6202548690354205,0,1
40764,-2.572931241384344,0.1491772603449356,-0.4919733691391198,1.2440538958621865,-0.3471763989344269,0,0
74543,-0.3855382399679112,-0.4776801458942071,-1.3966288557882276,-0.8233592045784229,0.8904992274984197,0,1
45714,1.3304385632690832,-0.6238701960101206,1.43854248451229,0.6287158608003051,-1.1012254463493651,0,0
56835,1.999317206249804,-0.5367385402415096,0.2098181287100419,-1.2264820898084898,-0.6525392668791449,0,0
73744,0.7180985482516836,1.7157560080062453,2.1737383734682387,1.771095899310554,0.1411158742539131,0,1
56491,1.5675944208789678,0.771881995035432,0.94032162054088,1.83760673306471,0.24514879412510626,0,1
18589,-1.1777855414923533,-0.4809461272580911,0.5513197247610424,0.5910215565598763,-1.758674192155728,0,0
43484,-0.6802615871939081,-2.455125025722286,-0.435204328616967,1.9912526016435217,1.5841438153534406,0,1
82989,-1.6794592820017904,-1.5444644936064675,-1.0953455638569167,0.3557929749276622,0.6841751265461603,0,1
36212,-0.6050630759919033,0.5034290826018777,-0.2177309844884472,0.768517114149556,-0.04352868789613758,0,0
43525,0.7619189864356664,-2.1215559413888174,-1.1242925942058308,1.261933876731535,1.5407295233900975,0,1
47202,0.2126557623830192,0.2929935274519557,0.6501903807307544,0.1797184530984492,-0.24855193224963204,0,0
32635,0.8678490366631822,-1.0655637248650256,1.6326524976971304,-1.5523774615850614,1.7120706202058635,0,1
63208,-0.9365140174967368,0.0918057745806733,-0.2609122661171302,0.7889633552343978,0.016524321280933278,0,1
33828,-0.8755250268118666,0.0638563013341428,0.944490972391197,-0.4718595944334637,-1.4249464420331772,0,0
18711,0.2046102095249128,0.1205899338907106,-0.6892290702168566,-0.3975298209554599,0.9310863004845833,0,1
3420,-0.6026478053053154,-0.3944218470785206,-0.3024668382073511,0.2978949164786898,0.6199623440366798,0,1
96752,1.3018491681600952,-0.4272856256077322,-0.814963984565443,0.5662808797173705,0.960733405165553,0,1
301,-0.6274188843774771,-0.7207904189364387,-2.1331330350705104,0.150134634006218,1.6070619548551028,0,1
45236,-0.4953892429312468,0.48389231724189,-0.0365333499186106,0.6357295361573088,0.9734190369570087,0,1
66235,0.4188394138684869,0.8051926747809481,0.1284517375977526,-0.7068571340601965,0.37526980344734967,0,1
54240,-0.3892881917274929,-1.2189725225361263,1.0658609987616374,-0.0427037947232834,1.266131063413992,0,1
65726,-1.2349443935374134,-0.0516284722922694,0.7954382526692877,0.8490854504508708,0.5994945453579378,0,1
10492,-1.0993558248320887,0.1965820734877379,0.8089528990389954,1.772791176436716,-0.36074249723845914,0,0
6102,0.5377659584069555,0.183771134623042,-0.974036223117877,2.1264355889732087,1.3686672029354092,0,1
50336,-1.3587115145620603,0.1667696195965177,0.459497306070692,0.4329766827277315,-1.0351880872562929,0,0
85314,1.397164427548811,-0.4020348103452243,1.582593965481592,0.8400098267456074,0.7494181560096329,0,1
26641,-0.6903992843017499,0.2790304254625391,0.3798678507090812,1.981579164815191,1.3539760819734172,0,1
34584,0.6162158169680608,0.6180287109836201,1.8285936130649971,-0.6708360367334946,0.8098124751229482,0,1
32745,-0.6304126240296342,0.1410366558225641,2.0189661111198633,0.6296998527125833,0.6865225851742296,0,1
23093,-0.9152413799963652,0.505939836533724,-0.2684682702916454,0.7683429494861461,0.887035572063322,0,1
66105,0.2461036822901821,0.9903534110375072,-0.6969397450805717,1.4478614360767446,-0.15453128058870702,0,0
51885,1.0517834670159,-1.850940357895268,-0.7614621654189501,-1.1371413805362225,1.327200974073459,0,1
36631,-0.2473677508601046,0.9434638418653676,-1.51613582010322,-0.9394057838005168,-1.1020608591456134,0,0
72991,-0.06547735375746,0.3424277652212746,-0.5184028994155219,0.0213822111047059,-1.3774985871438357,0,0
4014,0.8074173610828009,-1.111625327738727,1.2076654497562465,0.3777276623216355,-0.8048117909288103,0,0
11093,0.8405272502515564,0.8024708823196885,-2.20403757525124,1.1228639537338077,0.0863983077056083,0,1
18070,-0.038491720019741,-0.3983209060239617,-1.0374534007137464,0.5175437758122711,0.010284106632605572,0,1
35777,-0.4434798924852888,-0.2619664363185529,-0.1271314416519976,-0.1514132301102838,1.1331744429823383,0,1
56958,0.0826559594450316,-0.507679782465662,-0.8771852006217002,0.4164614447561407,-0.3736013199245535,0,0
82074,-0.1909114913883429,0.3023988442382246,-0.5272859442402204,0.3010444762744516,-0.08466983115481329,0,0
10729,0.3129741518168518,-0.7853531425120531,-0.5123296744223036,1.7450164299877884,-1.790451069394283,0,0
99713,-1.194270426845753,0.901474629947786,-0.2575402200617488,0.1656589435685324,-0.35487453871572705,0,0
45017,0.2771815793587466,-0.1388625871946716,-0.7294546961097387,-0.3830834135525637,0.5072394342008522,0,1
66320,-0.7183034161707487,-0.3642024834879375,-0.8112132138555481,0.4496090300718297,-1.782698083348427,0,0
27751,0.905887611490503,0.7528756776139701,0.9343097459212312,0.198485319338532,-0.8215691663640776,0,0
78069,-0.6724678493705154,-0.3195567623190806,1.0496541778603452,-1.570993355674672,-1.0856907650766858,0,0
54748,-0.6551097671909321,0.9481768253623012,-1.3805433452474094,-0.0156520616221689,-1.6868034597553516,0,0
5801,0.4453988244117404,0.9795929508408656,-2.759597399272884,-0.1007382454060053,-0.10308425549538937,0,0
19190,0.0142118888161971,-1.334803838218977,1.063374849570931,-0.5438718657793162,-1.1807015539760808,0,0
49689,2.2766516263988374,1.109260202222924,-1.2288004185521375,1.0355832876229722,0.8524229661031165,0,1
50993,-1.6293026105542523,-1.4620359715018856,0.2127448384597398,-0.7856795966119959,1.2321549366605589,0,1
29592,0.1098529469547444,1.1715805268825108,-1.5656718730282173,0.4556186195245386,0.13713163736790812,0,1
10647,1.1296494849723704,2.028357192230239,1.297754985259672,-0.1478569998437305,1.716676718652913,0,1
8716,-0.5783139229273008,0.8748344382691315,2.5436678953015277,0.1076950056467825,-0.20732501662862513,0,0
88891,-0.91055784473988,-2.156980644699673,0.1828069092053366,0.411786291045867,0.02044836592980562,0,1
87545,-0.8708646476463285,1.0635657193860184,-0.0941026484595166,-1.3075743838910012,1.7438778896439666,0,1
89912,-1.6119611796500846,2.2461289659360117,-0.3221395751900638,0.1916608917347828,-1.0002450984703795,0,0
70316,1.3497046273106952,-0.3030316409980292,0.7817993113129117,2.2889474897132067,1.574842143542521,0,1
2368,-0.3296173418064082,-0.03470332002989,0.5676867509345856,-1.5567633458787242,-1.683717233264714,0,0
77575,-0.4480271398002305,-1.188486721926432,1.0034984535528646,-0.0576079637155048,-0.2221442473861935,0,0
6655,-2.1240980743301736,0.3120794188196691,-0.6279165225980826,1.12323932482382,-1.5853277045272822,0,0
70031,-1.4337085724618848,1.269177182543129,0.3401177064046449,0.301619247953597,0.802272706243637,0,1
76429,1.465389755519094,0.6977371281494539,-0.5424680667061961,0.6879669521160333,0.3646663959909721,0,1
91083,0.3031056661005787,3.1419669772877987,-1.0577156480700542,-2.375666011092616,0.7204184015786305,0,1
87922,1.166500829925106,0.0330270429657972,-0.0410154210034636,0.5982493746299504,-0.4825748182536803,0,0
55766,1.03999243982983,-1.6306733674152645,-0.922512730377082,-0.7616882062335985,-0.5006782374582088,0,0
13403,-1.0006202805729405,0.1709709715682191,1.1737269977425884,0.3098772845831466,-1.6747289381303327,0,0
32097,2.429847728653969,-2.4164517652124897,-0.861920378015823,-0.0294347309094909,-0.5714372275053763,0,0
78657,1.9497325956012297,-0.5331039248645136,0.3635459406873598,2.278333029161633,1.5268260601114971,1,1
10966,-0.5637664421230352,1.624382058600212,-0.6034222987597224,0.5466953237658755,-0.4653852819743385,0,0
99157,-3.568205299359882,0.3251336486317713,0.2770627504375121,-0.1126238292627859,1.1721773675556828,0,1
93848,-0.3565320899440766,0.1794168128312687,-0.5239965734553564,-1.5096927592535545,1.2118642680617973,0,1
52921,0.2382962621214486,1.8207803767153563,-1.2572112748575377,0.1211469018498967,-0.4870631045536487,0,0
49726,-0.5677190347756907,-0.27059989166337,0.4837727409518452,0.8232288783468227,0.4500673980430468,0,1
50300,-0.221522096684717,1.2618204129341088,-0.2354156219132218,-0.0805518918192231,-1.4934496811408557,0,0
22677,-0.8286580363377946,0.1293069751663404,0.2859849407224593,-0.5056563599374411,-1.4633635076402702,0,0
55609,0.9216347183538476,0.3800474634590262,-0.4288429356304376,-0.5725866638463186,-1.662637992934141,0,0
96825,0.0636332403685551,-1.2173048558630128,-1.327936513768452,0.5351414354553207,0.2654515127096263,0,1
56661,0.9515140629429538,-0.4820467948282169,1.0831785970562564,0.7593879393091572,-0.29572431928309956,0,0
31024,1.222203346207937,-1.3975182328438736,0.7367577554410882,1.361210115321119,0.14599480003845078,0,1
70313,-2.174323564086647,-0.0952450782253451,-0.5669609755532439,-0.994999893210358,0.0483542254080009,0,1
53006,-0.770522210834103,0.3904023439162669,0.0697792134987978,0.5259775584176167,-0.5705026176378641,0,0
95285,-0.6240292936405436,-1.110038105091452,1.042019483162937,-0.1217039544178671,0.6148037842027251,0,1
15338,2.571372359688783,2.049178922684823,-0.4570383358623969,-0.0922342046332804,0.9082722818928497,0,1
68027,0.1490053669003242,0.2781060190919608,-0.3018845051905517,0.4018258540340018,-1.7858855228554007,0,0
92772,0.8125605963630642,0.0577955855852192,0.2436325000073736,0.4076562536249473,-1.088276942315998,0,0
80135,-1.880691769274511,0.7696577513456252,-0.459091063554586,0.5287681057915735,0.744328060521253,0,1
19508,0.1432154524975215,-0.828928080865922,0.8570919969870224,-1.05747119219581,-0.43860704966169406,0,0
3051,0.9782929821162576,0.1634774791674533,-0.1689007803074379,-0.7498114071664587,0.5605150035732013,0,1
48747,0.861965085060156,-0.7168662203575912,-0.784035874993974,1.485868275517684,-0.5822384337154325,0,0
87142,0.6233994389163516,1.5586799100889828,0.6086388298739945,-0.22057246748084,-0.42363100065300463,0,0
87235,0.0130005064951255,-1.0586393493970814,-1.1421306494313468,0.3060143980178964,-1.2641637186718937,0,0
54021,0.0615686206254509,0.0631654593071736,2.0148785611242137,1.0546663120431858,-0.9036062488064027,0,0
66412,-1.6932661747097897,0.3293157851517757,1.5824963635802023,0.4634430723608188,0.35381123018716826,0,1
58335,-0.9005328851871436,0.3948257444077013,0.5134954769210153,0.5465226309720393,-0.2700380645690833,0,0
56179,0.2309439563881636,-0.5812351730828322,0.4293310218199019,0.8945776792437568,0.9654995485203436,0,1
32093,-0.7159758069262055,-0.8955094021450978,0.3824414178192984,-2.116663760897,1.2490218940060716,0,1
69678,0.6888382470327847,-0.566795173046099,-0.4890947859189071,-0.4899501551605347,0.1228662397572455,0,1
80738,0.4667825502648624,0.5283254342102823,0.2973096456808423,0.4686057964995918,0.9074226491188888,0,1
39734,1.3673702547219937,-0.1438457709119636,-0.9231326104578484,1.3876443070576574,-0.7273208307073801,0,0
72615,0.9582538261525708,0.7962088084525215,0.5038184184401812,0.0660955596557729,-0.33592538320860865,0,0
73523,0.2272614091345679,0.4770037193950732,0.8678469430312954,-0.8447164617560955,0.7426685834855765,0,1
94476,0.7479804340619159,-2.2769126980996077,-0.3780861009833345,-0.8180860496105022,-0.4400853933031419,0,0
17019,1.005102162299656,0.2474977968372109,-0.5951017941547194,0.8838612034530742,0.29257818463417234,0,1
83613,-0.5074372859079823,2.25045476781627,-1.2124770246479095,-0.2177735823918866,-1.1674838641608647,0,0
91794,-0.329330998319802,1.3252690510383311,1.457955233565691,-0.0072000457903366,0.3333827033066407,0,1
86672,-0.0968260373934107,0.4220131607069687,-0.5156640338422114,0.6150301937723192,1.2813600048789033,0,1
73847,-0.4755305441643494,-1.0593921304699438,-0.1987390360166231,-2.901523682693579,1.3071686723087825,0,1
82750,1.0156869450634842,0.477553716125646,0.3001555849957256,2.0003675115080815,0.7845609093932542,0,1
79634,-0.6273105416773042,0.739749939878259,0.2822076428899346,-0.7310738350510614,0.8620998209879127,0,1
28251,1.2516514713998244,-0.2537466808275839,0.7465600956810698,0.2419363694735717,0.1818327825729154,0,1
25945,-0.3669731988803826,0.3167420588044375,-0.3793299198383287,-1.7046970134962711,0.2786819184167851,0,1
90852,0.4723966428393581,1.5096624583960403,-1.138667938470913,-0.4225411104050376,-1.3548110638467823,0,0
32217,0.1664151487628883,-0.8572744197417258,-1.313665308972316,1.244688046365097,-0.23129906541395243,0,0
8308,-0.9759798082916668,-1.058299604959127,-0.5792552328428465,-1.9161671796658788,-0.20624676327382152,0,0
5949,-0.0198897294907904,0.6926993259942127,-0.951850474674624,1.1262000871891409,1.6326166415364871,0,1
51990,0.3336435314505972,0.4575426361980803,-0.3036167053077582,-0.2736960962323843,-0.2775578118112128,0,0
1150,-0.0642926871104979,1.0288382954128117,1.3075788107599826,0.4871644402201918,0.15074039549940665,0,1
89480,-1.342706558506284,0.5697938119037697,-0.3772782058836889,0.6575244134851105,0.09246120169458143,0,1
74740,1.7014292435261715,-0.5677550631741938,-0.3776508613345567,0.4414214994909254,0.46735435856557134,1,1
66617,0.0876994828617361,0.4321926514654048,-0.0163987762557884,-0.8649506516308265,0.8710798889033137,0,1
94841,-0.7943025751635218,-1.1421265432961736,-0.4056249912120662,-0.3645491465350236,-1.0238105245483997,0,0
16896,1.6207680234672743,-0.2503187117329938,-0.067391235718194,-1.4615561772508157,0.07606540726883253,0,1
46175,0.6173898097203253,0.5027992309664041,0.5408692224813465,0.4917963315880796,1.1524385884764292,0,1
7805,-1.2001699964016093,-0.3605142167238898,0.884751054763314,1.7020551540159257,-0.16155949870847844,0,0
5237,-1.0444947463998786,2.468052182229827,1.0032131997390237,-1.8244408866764623,-0.8303499144274838,0,0
20056,-0.2223947198878423,-1.8921842488236669,2.05685222073102,-0.7616459061380355,0.5323560121237292,0,1
45543,0.2973069788498224,-0.5474903569988108,0.5693594461724379,-0.1817752758829333,1.1446506008609538,0,1
56556,0.6227998314639218,-0.9377798338699104,2.234478901349309,0.1733414237135543,-1.6101848778976582,0,0
3343,0.9501784795285676,-0.7003488074579535,-0.7764818080596431,0.8791763014344264,0.9745098519300637,0,1
13500,0.5395724064001427,-0.6429982234808785,2.091284902424585,-0.1521999803576666,1.1369743408405009,0,1
53222,1.3467459786409957,-1.3264206868589932,-0.3803760542195902,-0.3159587264456504,-0.16732462227103212,0,0
29375,0.1267931596804698,0.7527021485726273,-0.2820189307630354,1.1031307060697408,1.7224654854689476,0,1
9662,-0.7596393804782222,-0.5470952973871014,-0.1198725474228734,0.6619955670633052,1.0104302984410767,0,1
16964,-0.0033508696589735,0.1635733355886547,-0.2186207111587311,0.5389779757010986,0.9631811721370582,0,1
59638,-0.068980660345792,-0.4348257619102449,0.0858403967265031,0.1125157115881142,0.8696519711412766,0,1
73666,-2.578215429662492,-0.6908804122862098,-0.5800280024884393,0.9831522109198588,-1.293394395243393,1,0
85067,-0.5613668590956585,1.6722792360868497,0.829962173071372,-0.6563093912302665,-1.0521003284716917,0,0
67215,0.3142037329504508,0.922932182209408,-0.5528350346211797,-0.7926942821860782,-0.15838891547755354,0,0
69042,-0.4242155652117862,-1.8682003999551449,0.6556103982528916,0.7461009868693241,-0.8826964297077362,0,0
13284,-0.646209361822999,-1.974137448335887,1.5277236195237645,-1.6250359692469083,-0.3349483788795299,0,0
72789,0.9113761958045636,1.0426088356364869,-0.3571023698077398,0.0921795096364871,1.378968840053907,0,1
84664,-0.9165458247754396,-0.5198533915487539,0.7943834179791774,-0.316558352262512,1.1466769809964947,0,1
93468,0.711622650470823,-1.6490823339342229,0.5591592889031847,-1.405754730652956,0.44300923690262684,0,1
61389,-1.3327444707882847,1.045735132540341,2.25288688221975,-0.9312675797162644,1.2690701207281216,0,1
9435,2.760761935726184,0.1691240500990903,-0.50483056484495,-0.1089760922953492,0.9997968831326267,0,1
54340,-0.2156855269012573,0.2515710848323196,0.795071616805784,1.0339632564990229,-0.2851705743217593,0,0
44078,-0.3232652892960562,0.8095392720059075,-1.6260110917765531,-0.6529579912578111,-1.1106493053693292,0,0
78832,1.1430659028899188,-1.3099771582823936,-0.4958584107368129,1.2133813999049934,0.023464704723460524,0,1
