Time,V1,V2,V3,V4,Amount,Class
15795,0.6990923818599891,-0.41870484080644893,-1.6315008213841646,0.353392837596908,824.963068421509,0
860,0.5998966337110059,1.4549278083256665,1.580954294903202,1.3931599690897811,516.143746450597,0
76820,-0.481248133823506,0.3715938304865265,-1.4371667607422924,-1.2259333649842028,463.830359619524,0
54886,-2.093794004035063,-0.11839790054622924,-1.222237797075564,0.7860906407411105,46.357878187223854,0
6265,-0.42004746462751613,-0.22500590337037538,-1.0224353795457661,-0.06322345648295893,290.73916445525697,0
82386,0.13920411095681615,1.207592170430262,2.0799459236905222,-1.5215276533923126,931.0789609144146,0
37194,0.0018136111946762308,0.23048721460350308,0.4933833004115225,0.18158684594879002,392.4321393202165,0
87498,0.7559352817916524,0.4323087311907701,0.9654079744353802,1.7091612329782118,547.1538200362115,1
44131,1.9335426294299916,0.5410018726036289,0.1961675455787285,-1.120422659911617,532.4896573052675,0
60263,0.4138748372508074,0.1329361852226909,-0.6018872112012336,-0.1099377153701835,590.8406587328707,0
16023,0.5677683677576247,0.5198722263499834,0.6312912832601678,-0.9866389846395662,62.26962468763933,0
41090,0.1481817313791492,-0.11832342268099057,-1.5566159707968035,-0.4685829319100158,362.81407854392955,0
67221,1.1724357823922424,-0.049808631826575855,-1.095283452096495,1.4321701435246332,723.4051456086717,0
64820,0.5314000109603296,-1.1191149280267085,0.7329751792614811,-0.27152447549138253,201.35969082190994,0
769,0.7491056769643236,0.29776025091839725,-1.35725523082678,1.4015657375153268,204.37479916881406,0
59735,1.8089568290201625,-1.7195410067122203,-0.18908146916187335,1.1090540479315865,11.080516082335704,0
62955,0.22698430121934968,0.28355807061091304,-0.1435123443554117,-0.362737913484448,438.04444468160153,0
64925,-0.2709622621677387,-0.28061601616481446,-0.528662003337162,-0.5025994606062325,882.8516462927486,0
67969,0.44628934800191805,0.37458510945097817,-1.951118474848857,-0.895998806814502,52.8490426437217,1
5311,1.1362423171192628,-1.048828334081676,-0.6289288911886926,-0.9308811941934042,191.9275907865066,0
83104,0.5014267570260816,-2.119357368038642,-0.8249683769324855,0.3532073945078431,310.7744538044123,0
53707,1.0606385788214105,-0.3508653069735394,0.1614398632876987,-0.019785315214965602,731.9930118276487,0
85305,-0.668974827316685,-1.0459126688570983,0.11049053869946868,-0.6236054349292066,640.9949572097839,0
28693,-0.8680842254044875,-1.7805566832104824,0.3779614599368741,-1.5487629221232788,416.5279606772732,0
71932,-0.5450376153470914,0.76798326969457,-0.6759862729743975,0.1061787678222118,759.3098703191173,0
93016,-1.267382301512335,1.6012382271420407,0.5227779504658918,-0.4695521790613332,610.021380645245,0
25658,0.11029957863342149,-0.7969514357745502,-1.556006732773683,-0.195297695582094,896.1447588575618,0
84478,-0.43002538584991606,-0.0757708272214536,-1.821904732652354,0.3046618286980817,818.2087223895543,0
18431,1.2302113536443784,-0.3077856166798123,-2.335572724166628,-2.5018028613878633,253.56079248311136,0
2747,-1.29122436219747,-0.658898421976203,-0.4992972395719973,-1.5332746037091247,272.167139056566,0
59150,1.5549226766366018,0.663737213888021,-0.7532982243385575,2.2964430768051884,126.23111931659324,0
65725,-0.9812003352375493,1.0101414604286183,0.7893156118546,-0.5066105066996177,337.627760991739,0
84654,-1.2382308511483497,-0.8686071892656042,-0.6486625870488699,-2.517433102397529,999.5443748003752,0
35773,-0.8246513276510725,0.04476686709490358,0.2733763479442672,-1.4499401795162525,406.34541744644594,0
67435,1.9512800857357542,1.284533033933894,0.8132965765830771,2.4844673686414334,221.2679462544173,0
56886,-0.040085137373003135,0.6890362032149722,-0.6863190756491158,-0.70299746026984,762.7204015910775,0
66803,0.5294355116538028,0.8376974384004884,0.29805221010717553,1.1590152448971567,542.9285324591934,0
31551,-0.18389173772802037,1.3679853074424142,1.0019275489551946,0.1211179983372052,150.45184807742558,0
11394,-0.09007863318020677,1.3548451723732498,-1.2381627748055672,-0.4849670374989711,381.3089914797049,0
69092,-0.5058800532342941,1.0286426303030658,0.024852338244644202,0.7754454707630927,415.05524582380394,0
3890,0.050743958855266405,0.14493741478118077,-0.6820343831993144,-2.384356675356288,754.0758708686494,0
41606,0.4945998918817143,-0.38248301745809177,-1.1744898824931385,-1.4411326198566028,21.650697523012557,0
96276,1.6783055098228954,0.10347776531318541,-1.536451740490229,-0.4923510121395608,269.75062715151216,0
80038,-1.8744688748595117,-0.5344066860233685,-1.1906485721787006,-1.3429043982696083,518.0787050142065,0
87313,1.6108203093925022,-1.9524868730106824,0.06002900575201227,-0.5807777885039715,269.5778957103905,0
10627,0.5279604270264738,-0.2794990658000403,-1.6108444555617467,0.8537130456828279,628.8056133715799,0
8792,-0.36776278265302687,0.3575262438372202,-0.5507270240886372,0.13213672133598095,482.38561179534196,0
73969,-0.5477234829593288,-0.5872694177661788,0.8131944068528975,1.3306170355095892,362.34854460472104,0
43001,1.0436756453687497,-0.1927797872386079,0.44901096341893587,0.1953752843517444,949.2594182436417,0
76552,0.2289785381885402,-0.1540367159667322,-0.530507622938157,0.9924608314945266,632.5273396872709,0
23897,-1.5340651186989278,1.3568567742188886,1.6896904133587238,-0.06407030012849757,130.81143089567328,0
68148,0.3630696033373087,-0.3594372740249021,1.8930364139116609,-0.5902754833597827,560.5316057459521,0
23483,1.1443715354746835,1.3566333821834542,0.026122431539725762,1.4805680555418883,780.9511213477001,0
48555,0.8578646587884662,-2.7124904918479738,-2.468542915884308,-0.7093502879360668,708.7812077953046,0
17159,-0.6268578695381544,1.3478557813290364,0.8864481970162597,0.34384482312429937,172.91714006596413,0
80077,-1.3420073040533562,1.2974061148626241,-2.2939763400335855,0.7688973632244732,972.4475790410632,0
35920,-0.3259731409814887,0.9022546733891916,1.4761461107200662,0.8414927044708567,449.36483210085936,0
92067,3.2539851260876063,-2.0119180032037716,1.0835849007422989,-1.1654426702200196,159.86597873652104,0
67121,-1.5449989485969975,1.018886995222481,1.7742125041380208,1.0519504058282658,181.01555837401978,0
69479,-0.8427350964869222,-0.05011917567525062,0.26026555836772675,-0.9789552461072701,99.13675719689141,0
89475,0.39204188973259585,-2.52933743992466,-0.36138576718183796,0.8107036553499937,803.7145903264994,0
19457,-0.12452524759368423,1.298177707834696,-0.4501011336902239,0.535173471049099,122.9084638275268,0
66557,-0.20020489573106967,1.4441730785489681,-0.5462601710308971,0.8186306617798985,126.0001318846052,0
77189,2.024720998001007,-1.9045120718651714,0.9810686536747028,-1.2050035210990275,850.6211431460769,0
78953,-0.8532599420379767,0.17542107530011306,0.712271489505878,0.5879297427343916,345.25948036311206,0
52995,-0.01428054770509468,1.3885911214441826,0.120225633434213,1.0855936764081717,31.827046403764374,1
40757,0.20190744180279552,1.2301613134571463,-0.7221813079269722,0.19339578316174064,52.843404218892466,0
9692,-0.804736685075496,0.8360610511595236,2.629212631300273,-0.8186166796045768,143.02827625719166,0
45758,-1.4406527388068167,-2.6472528798975086,0.9123746139628699,0.9197476143279902,214.17995462771384,0
72409,0.2693176542525386,0.7295427666358141,-1.5977119197734089,0.11391962810076983,665.481048044167,0
71211,1.8136665758789074,-0.21810389837394284,-0.516256015937127,-1.674444263827696,158.16895372182643,0
65697,0.4045828951175248,0.9958575287184943,0.9317760974087056,-0.8961894623166603,119.75551678589493,0
37065,0.09007258698166123,0.25616145843382465,-0.799538921232684,-0.5262945312269738,764.9544223348029,0
92093,0.08273043580047901,-0.019881610288865037,0.35154795882588885,1.5058182876396564,671.3842285760545,0
99299,-0.25841773581743555,0.6409038494092362,0.950796300336148,1.3301830863062143,435.88889723378094,0
32606,1.1834823201410025,-0.17191337107175791,-3.388428082656393,1.326968531056676,549.7604617086239,0
11534,-0.5054422737918634,-0.024277279891941953,-0.10803769978925037,0.2323602776838665,312.6720363060921,0
94663,-1.3567854844185623,-0.5552239991287617,-0.06879084643487816,0.9135947917791991,483.0179198151253,0
40397,-1.5816539256145454,-1.6054089911845624,-0.4120724556837896,-1.1407794086858907,507.165976333763,0
91387,0.07900901424405643,0.5678534737712714,0.3016951349460409,0.006803098392771161,387.8500339069178,0
1016,1.0606924631803016,-0.8060303196705698,0.6575196074958747,0.4516327016495964,906.6656384614906,0
89789,0.23748525162193965,-0.2007918660407341,0.14205094432460919,-1.0748990573091202,17.04580311602514,0
55591,-0.317368785270643,0.28697395845393336,-0.37382739404943216,0.2099120896418698,782.389091828155,0
89812,0.458441296561979,-2.085217643565439,0.6326212997842696,1.6866391858043444,125.25844841008299,0
23247,0.18621234389462576,-1.8613489036768234,0.04905340927435707,0.5587697845606268,797.7498131766622,0
24300,0.8261904736542662,-0.29973857660920283,-0.23070041319547824,0.9175452066641205,616.2960037610445,1
74065,1.3265038874367736,0.45456348229965565,-1.3122793853389192,-2.4524069234322625,843.434812845466,0
82798,-0.954390128572995,0.7440382706491612,-1.5626547852660784,1.5579688491529242,98.41681131525657,0
9268,-2.3395965636433984,-1.5913144958759071,-1.3312297927140704,-0.18612234775216957,559.4216534656742,0
86807,-0.35153679862044995,0.636631484412815,0.2783290612202149,-0.7686863140700423,501.5867923819349,0
12185,-1.0193414672400714,-0.24506961831633636,-0.07907874760635167,-0.17463785180993016,706.4869897803953,0
63704,0.8319581865745113,-0.8831572450964771,-1.4802840982074632,-1.4850221582808978,534.7562613417821,0
86779,-0.7243337953470994,-0.6485518560593707,0.6459178257938111,1.0479420617521424,541.1938325659711,0
39099,-1.875778638563943,0.8018573320401665,1.3743095131790952,-0.33539572277379287,430.1663476324886,0
8571,-0.5742014488076791,0.2740057850855715,-0.5984936167163358,-0.7386308120260694,309.5255895833335,0
38044,-1.4919743254588493,0.05030652275532046,-1.740981857368374,-0.16805506568836506,482.78209689094,0
51214,1.59015771901085,0.24349573880789985,-0.7091263849019127,1.118015654576141,119.37386640963219,0
61228,0.47164195444806895,0.9280977766161935,0.8544606267946941,0.1314584007812206,961.5518256441017,0
48984,0.6475581090137137,-0.09709956740332326,0.548529858534774,-1.409693769533467,714.6963528629717,0
40774,0.5360265349048582,0.054318886454236576,-0.9224326860114789,0.4649808297410822,952.5146495711589,0
2568,0.8401711592784255,1.1381707401378054,1.5211721377647418,-0.928979954322625,227.50065494763328,0
62592,1.1333420250690736,-0.33158662426315855,1.3482800659263987,-2.1561010313748166,879.4616791563515,0
67563,-0.539745359324594,0.6181405952806814,-0.7330060632766411,1.4960072127171782,808.981194578975,0
2695,-1.4199616329916904,-0.5037044806731414,-0.7432900029649667,0.45722987482768895,677.475260045216,1
48190,-0.8469337372476631,-0.4158673414117847,-0.5928279373794895,-0.07827066380341488,625.4041568991205,0
5258,-0.04524962373931993,-0.10404975679963666,-0.5073327753885459,-0.3456095146966987,317.23311560260214,0
87538,-2.564341981460694,0.5152728529867655,0.9505380079284438,1.3970795007333159,816.5943741800656,0
39504,1.1427258832938323,1.1941819625510688,0.425329060476594,3.0871551501984054,502.01394601825405,0
33159,-1.8967472201829223,0.09654526353877511,0.8770787693505876,0.44878051856651646,71.82068431539408,0
13986,0.5990933258291411,-1.4998369113235444,0.6735651431866999,-1.0296346823278761,313.5502976942749,0
61858,-0.16807078920553012,0.6314462935339378,1.7145270681937321,-0.1544655188679761,935.3618014467822,0
12666,0.28517532464965356,2.4538421741457093,-1.0593855438091404,0.43057267209404915,850.8295803442414,0
38660,-0.4719197412901411,0.10866883106735042,0.38035853038391626,-2.3495283069918655,981.9237923784626,0
3561,0.21720647789306466,-1.7087676391795794,-2.1738212562346977,0.3344992017781177,628.365389221494,0
26854,-0.47187752411786926,0.16965288947085122,-1.3169555740968584,0.4364251294930788,248.26256306727154,0
64505,-0.5561811458019884,-0.0030126031838392403,-0.07485338593484707,1.3263421979872203,163.6522346271869,0
52251,-0.8972363313613058,-0.08710884336238948,0.418206612754536,1.2221233023730538,187.72752616785317,0
22662,1.5258299572508311,0.9454098999771327,-0.10181574202956956,0.1111721602895362,20.775862688907132,0
8392,0.36690941709697406,1.378274786335724,-0.5671924188126782,1.5146369065803584,391.2914288749532,0
30535,0.20949686263235864,0.6835857452010828,-0.3894178774930377,2.035678319038756,192.23625281904296,0
78603,-0.8755617880319608,-0.13305808467106844,1.3694409764241042,0.027951455244459925,412.24380499624573,0
52256,-0.23484833358930754,1.1256787843696296,-0.38403217788014055,0.41818707846774894,935.0594374069267,0
89135,-0.9872292076729251,-1.4938296412142407,1.7492416220435278,-1.7672973531105762,431.1096692976828,0
35222,-0.49116352874945723,-0.7160561207339946,0.7940170735411335,-1.450973262441088,878.10651248785,0
77373,-1.2091223895609857,-0.6046277786017297,0.4575373461482303,-0.8381963140095188,605.8992618492606,0
79575,1.589144132202551,-0.030950647931934562,-1.1935969103209956,-0.44361830451705336,247.88442310673054,0
96354,-0.7569060905115959,0.5067346624868376,0.9352381613996269,-1.0961230247380684,356.4989044999522,0
84651,-0.8750788228681176,-0.20071294833728373,-0.49377057774849925,-0.03599541197724199,84.83561628560798,0
63335,-1.325610275502588,-0.9060357945022748,-1.1944397580056998,-0.41370916767461846,334.1291310024145,0
10965,-0.7712054615817139,0.9748502846961302,0.5128436130793774,1.0708952313396154,677.8634045580305,0
24538,-0.494893427565281,-0.2354567222046938,-1.3879460605665397,-0.474773645483708,73.03898183650576,0
70592,-0.04947955278319797,0.10212892087103365,-0.7622414621295822,-2.2867179482154945,206.1960070695513,0
98018,-0.6453222091974863,0.5510677454759079,-0.010115911468911394,0.12575117253542017,382.05960037189817,0
8110,-1.6006110090276338,0.038877607922946866,2.2184214241147275,-0.01419802441133914,982.0674874789465,1
79309,-1.5145748438162376,0.043271694744290254,-0.6869157557924875,-0.8620498814044937,785.0769611359214,0
27266,0.6796596691634188,1.0304734204358297,-0.45821651930057533,0.09499988349703703,733.7532597456118,0
52992,-0.12278874915751475,0.15136947457037642,0.7323450544216452,-1.075264588226335,117.07476556892053,0
82948,0.6488932412535497,0.862796985790489,-1.238295688376046,0.3298399536233427,781.2148977213765,0
98806,0.7802751644200016,0.5446674443183898,0.44280638102091546,2.6329244369298515,785.4835427044991,0
6910,0.1510799621527284,2.016887544186916,1.2059268076165879,-1.8056054729067663,601.501592928704,0
90982,-1.2317307675098257,0.40941341786913027,-0.3070948847111013,-0.5162420870091603,990.3714202163735,0
206,0.1895849201605889,0.637973270150773,1.0261542813968656,-0.6765051214491359,325.9286520186274,0
87054,1.399596647852733,1.1016567139963673,0.29144992321180624,-0.43325988348754363,941.3311757936098,0
87897,-0.4474280242581382,0.06361775995016986,-0.7306819638037806,1.0199245795969742,914.8163838415471,0
23419,0.3406152512883598,-0.6378530967294409,-0.19780468589650635,0.5428265593190245,12.469179089628463,0
50636,-0.013777955267191895,-0.4741455811234567,-0.3797573399802421,0.8487665026064236,450.66640994833625,0
50015,1.3723777965472466,-0.46450692550248796,-0.08763825781647754,0.03049550475359814,977.1271288185218,1
54268,-0.6777860929933844,-0.9503309681967184,0.1527178992198285,-1.3220993199448576,104.01824104566771,0
87939,1.1535318720078684,0.317805169201884,0.5881999349718571,-1.1146853612599796,548.2369096889362,0
18141,-0.37501062836981414,-0.6295165480490841,0.5086682495871356,0.7462597074665923,978.978549534063,0
80356,-0.6941459535074941,0.19485282120184697,-2.431713571262148,0.1708318984132972,555.9399286817543,0
71910,0.10986007304324873,-0.1586744437106363,-0.09730818877202674,1.2602074060788384,190.62548766918383,1
56044,0.34245691800751443,-0.04162149329251497,-1.5094219134067626,0.2932621032467971,582.6010468624971,0
67214,1.9115296065094283,0.556056647828856,-0.2757272524673258,-1.183014993332125,205.2361333755973,0
33827,0.3195375788687147,-0.5418991243885478,-0.12378958781091996,-0.521901814183155,520.1845586315898,0
55820,0.19327806184938584,0.6388910459367731,0.976148358084709,0.5648141496829298,74.96817569443564,0
62623,1.5961429439016337,1.5673078666389522,-0.030115467100099595,0.7103324962386257,605.8771865451903,0
81734,0.6010539442115366,0.34310908295175857,0.25921801834326,0.855108632154688,517.27314918903,0
75450,-0.6442751801679479,-0.7820956852724686,0.7930563806574291,-1.048524113205193,740.4212073927016,0
93426,1.355970385308192,-0.6150180113397963,1.2277522598193,-1.201030166076925,631.0697706876263,0
22299,-0.7396187694293522,-0.24826290078511556,-0.12301392335691047,-0.1898025197474207,550.0566622622259,0
43585,-0.6492472783337095,-0.5948902970695659,0.09417944168040884,1.4400735165334546,690.089070398873,0
64044,-0.8485206993879135,-0.9911803096100498,0.01002330224225371,-0.6938683208080181,144.7979716586586,0
42557,-0.9362450282779562,0.15440727696169182,-0.5425989644310762,0.45497189060097304,595.7643015973455,0
49080,0.33317329483982455,-0.22119733172579895,-0.7691152234423897,0.455061138938965,172.9384922199549,0
2693,-0.25790216454354326,0.18972088355805813,-2.2718859164259353,0.7607727496706133,925.596685644029,0
95003,-3.4781692136365563,1.186387412215288,-1.0766609345243296,1.6644402539482102,69.2657707407586,1
95259,-0.2682630619495127,-0.23635283392435927,-1.7786308332098035,1.561906424766106,430.94437494110247,0
69163,-0.5179122558056343,-1.1854200046803112,1.2551984844532522,-0.5946058338395052,696.1016801777894,0
25939,0.8928253642988553,-0.3988924922535511,0.18841600829742838,-2.097895441308674,458.5641894565905,0
48925,-0.563258611460363,0.7704252171166425,-0.12593897294683368,-0.6785293353647427,93.00315797966945,0
42941,2.5392577912108925,0.676770270716955,-0.7174851860810817,0.07567229404723533,553.8256371105807,0
21834,1.3967935787702428,0.518639647613567,0.02977926323462388,-0.36164527768565713,641.9902769185272,0
18047,-0.3899103910097781,-0.6247067231621034,-0.8479798776553341,1.967898942928135,704.0885186795172,0
26105,1.1496230788330823,0.7519026180326984,0.17401855662060367,0.018780304316449253,373.88655464829617,1
75766,0.5252117126909476,0.9768990780370659,0.2457339829213534,0.6537118802561939,564.0963110577335,0
15707,0.23346579648024285,-0.695421629889976,-0.8613837023567438,0.2172143096473435,451.2357884639742,0
21976,0.8026522556074296,-0.04157009754252455,-0.8804619648224059,-0.3466331834908221,672.3839827135012,0
44262,0.05407087426048632,2.020401963682112,0.9621993545951174,-1.9248116779626665,583.9734103574938,0
23776,0.2403511560774776,-0.7398742764633875,-0.05285995429130031,-0.07861763854148529,526.2304633395757,0
30080,0.8233525162789653,-1.7050866692437248,-0.7810204292648907,3.2546472931541266,250.27484247141038,0
66842,2.05245274174549,1.3829044344647987,-0.37050630168951904,-1.2444583998378338,3.0164992304856826,0
61373,0.25119497221967413,1.1366047717045602,-1.0105940867066072,-1.8148730443742245,174.90759363611784,0
6776,-0.453796664972156,-0.456967323577425,-0.06718358066191689,1.93638930256891,117.94897538274448,0
92787,-2.0292308550939886,-0.11299178186808652,0.8316283076644685,0.742082969869335,449.6356602659358,0
55016,1.9613034719636375,-1.2249350501889522,-0.027670667594261386,0.18741988052343647,612.6458926110828,0
9474,-0.2632417125719598,0.0889522726097021,2.3636334436753845,1.3626738623670578,213.87192367612337,0
58053,0.5348092900812669,1.1659137153714005,0.42135956804900154,-0.8315019429560967,939.1180388712199,0
21959,1.9059072369269943,-0.5426048417582781,0.22995444784221233,-0.10659476091465178,7.67544709466389,0
5530,0.2276023209304917,0.8771019787862927,-0.9083021309658057,0.9551541169008232,772.5287141501775,0
94856,-0.1946702618774796,0.46372385739043204,-0.23853344684266678,2.1103543678203955,625.5795647609118,0
3748,1.4196729775437447,0.5778168908811395,-0.7790138430336923,-1.1685443146566084,374.1812462466342,0
97504,0.4607370675639193,-0.4843091805863683,-2.1656452284041237,1.2807344585603946,51.43845546799551,0
98098,0.5861056047234005,-0.35462418293349435,0.9742622221288076,0.38183906084098396,627.8590852124951,0
13545,-1.5231608704717607,-1.8467724344714016,-0.5114505555502311,0.16306106742941606,386.2278993527824,0
66199,1.2059152072425854,-0.5666694125101056,-0.7604000743333061,-0.007729222254738175,936.3308722738059,0
34766,0.37558806799164546,1.163485458031259,0.21057003395846483,-1.3846466206946033,542.4480848148761,0
73530,-1.371589379723124,-0.9293321941022736,0.512499552221517,0.9630889982130323,939.7118597822147,0
93557,0.4850941116132751,-0.7803016538569048,-0.32077483290627873,-0.782269020326328,221.2632097798308,0
61087,-2.0625256739117495,0.6401898237071239,-0.0026016676090183624,-1.079690702502347,726.0001844537392,0
95839,2.3419752025129954,0.40276829199309355,0.746187407314403,0.885458958900338,617.631771827877,0
68840,-1.1018547999817607,0.6898632497963005,-0.36019359460994765,0.7891340251466785,739.6688216014805,0
54384,1.6117927657184359,-1.1632205400904039,0.302333741763334,0.07900008361106242,215.45319610856424,0
51005,-0.8129555481186533,2.5640579493003464,-1.6592446183891503,1.0795436208116411,665.3295217215359,1
46576,0.5602257109707197,-1.2157533741672504,-1.2413189984277486,1.4259365814791152,498.5423526638121,0
39353,-0.9121282566094987,0.1542473137340681,0.6055397780804037,1.3082240778255405,743.08214993141,0
62003,0.9971152218978201,-0.1586554958685864,-1.2935586391672984,-0.5282789734019799,327.71759950766597,0
83211,-0.235318741907252,-1.1866415173650475,0.2341375471132961,1.0141049312797121,890.1669684397873,0
52733,0.4677795462077097,-0.37020942281324987,-0.1469987821970727,0.21164097750864883,85.21701329673903,0
65318,0.015064381578994741,0.023307600885869615,-0.3644672625202288,1.7259077703523744,807.3821294723969,0
89474,-1.3656647864836557,-0.64997321186347,-0.8284627689677282,-0.12372833626717304,861.4583061892757,0
23664,0.5041068596905343,0.9372236215348492,0.9093400181053757,-0.35647163736833054,817.4350590554544,0
67172,-0.503237485665748,-0.16162574546247113,1.7298911545198354,-0.6137968768428766,513.2136678675142,0
85616,1.0453127930076107,-1.3412746710182866,0.30019216260019443,0.18928789423555545,438.94659505073054,0
93264,-0.23585980815067698,-1.426125532669297,0.32249071567281723,0.4667254675921039,996.266024238352,0
26736,-0.07676390902833202,0.6061650906114562,-0.682330629857494,0.48596228292727106,229.94277926294797,0
94209,1.6829264643729365,-1.4867707827003362,-1.1960972318243799,0.34917254031185674,547.3290899101686,0
854,2.3816367945079504,0.31642607304908366,-0.039738904806174535,0.6710370126798062,671.0048498569432,0
90084,0.7860339557120828,0.4446551856669591,-0.973749647958076,-0.22254183591439816,701.1667682255705,0
38623,-0.28714009742338537,-0.9953553639240169,-1.7726101283158218,-0.8725153155918715,204.82064107284012,0
7392,-0.37466132835614396,0.8907380837748904,0.8034458123655823,-0.9598279969136478,654.3400982474615,0
55680,-0.81867698531858,-1.7177936237616322,0.852166788251833,0.9750510953034685,818.551196914856,0
46717,-0.6252381835535565,0.29645893399855866,-0.8588387729530943,0.4703223105282899,50.9685582442911,0
87092,-0.27360974350396844,-0.04085793359600863,0.24396432127924425,-1.855837770950324,911.6097720319912,0
50859,1.9642529669948998,-0.11899797573089368,1.0019522677917667,1.0967534267999406,30.474551090060725,0
26309,-0.19722167085352377,-1.1778966429805726,0.2050266870618789,1.880435146402655,356.61506145590596,0
87455,-1.2260530041981026,-0.9370220043999258,-1.1931546460987335,-0.7159168507585327,16.797383036729105,1
63734,0.04166526712538283,1.618802025020598,-0.23289341323709867,0.33616004627604107,78.06802337104229,0
70467,0.1781284257610645,1.2151550088717538,1.3268094200419909,-0.4734580936323596,911.257116894899,0
52662,0.03563545985045589,0.7420845885237987,0.2470266436051129,0.6283069254711667,355.5059699154017,0
98506,0.7996912225852074,0.9398481035296877,0.5391321031828054,-1.1660088890752252,425.34675889462784,0
12688,0.06900551135903335,0.8460135446712688,0.34162921936911433,-0.07144565709878072,216.12903700117008,0
25342,0.7687274921473288,-0.32335621228620876,-0.8555113579782533,0.9813141279987811,597.498674416533,0
37157,-0.780343354057715,0.04760355181435132,-0.6208452192826428,1.2357117392988397,595.2084114631118,0
67863,1.7807294381452228,-1.4725083780410089,0.33886515705174236,0.4264958189196887,372.828191433394,0
52083,0.252479788343585,-0.08969562680752617,0.8168717800204081,-0.3390453032097392,333.701836933593,0
65733,0.4002189704070378,1.1834142495391866,1.0999049509178827,-1.5926010843436085,885.0793438724072,0
89045,-0.7845118938133024,-0.6607072482571356,-0.8581055447681935,-0.7575497112392817,383.9009554025592,0
34698,0.47182699126639593,1.0231412046872264,0.4331205346771937,-0.4692734047547804,494.0074911622538,0
80623,0.651065056670304,0.09158573869376306,1.1870441117189765,-0.6977337833016141,284.0214576625057,0
22671,-1.16976843382509,-1.3853718656697322,-0.9870817702880225,0.059552968313615326,786.9827338537702,0
25184,-1.6590915883876567,-1.1073195133463116,1.486747135799774,-0.34188773617128493,398.0507087421925,0
93384,0.2936660236094656,0.919302869707755,1.6389408273441899,0.17212137233544308,514.0974354977802,0
42107,-0.4887698234555325,0.5525240852583849,2.6250863396216606,1.2026273010476636,254.10381288960176,0
86202,0.25992146913572933,0.10176407298762537,0.23093344082999473,-0.4064622212293616,987.6719327489105,0
51663,-1.291036070898115,-0.2740318142479456,0.2364246762624486,-1.3828669772542248,292.2042451827992,0
15708,-1.5605059143826707,0.21056797762858545,0.8269943891173177,-0.7017075981248749,770.9717883746462,0
91906,0.206689463001077,0.880296249253249,0.7978026730494165,0.5835884699732719,428.0681547064024,0
49811,-0.34978376095685226,1.4758532804872848,1.1263668609956057,0.6779437849526732,207.01118767905575,0
2811,-2.1106995211501784,1.5236841994406047,0.7840331804651037,0.4060851970162342,799.9190452008963,0
56250,1.3430988181077297,0.3719599007584981,-0.10606190903803867,1.3007373058880158,334.27318224001414,0
72082,-1.3076570681837574,-0.17193169036452058,1.221997120973502,-0.18636306987698548,865.3281540504132,0
34754,2.573324952110432,0.14624800781885558,-1.0712541496927257,2.052166148009324,915.3419277329052,0
95742,-0.6240167288885785,0.5221203572550798,0.005852336725376426,0.818187136105907,859.9640115558847,0
11411,0.40156056812599866,0.5180669438450914,1.5637356160497993,-2.5234874702078773,35.972906891998846,0
2911,1.646949010387185,1.307986637140105,-1.2502464981203194,1.8006586299635663,787.5859716601004,0
67270,1.4794339278288249,2.115755721916655,-0.6774756569971631,-0.7669866101357218,411.92812703264474,0
83763,1.9861364062268827,-0.20525462961408644,0.6717472910772914,-1.0341011894569307,873.8491972620428,0
8680,-1.5230762388803532,2.1558849088244623,0.39391197323615235,0.5237711098328938,638.316308422054,0
84896,-1.135865497507247,1.1722392467583935,-0.8750254076562449,-1.7381804723365437,833.8094910098145,0
83879,0.2259972740940297,-0.1008229901852079,-0.4161940027301405,-0.6954692313216133,499.9323380969685,0
71295,0.839747437897714,1.4985648388650799,-1.1807820626503391,1.5570985406242073,535.4904790943339,0
88614,-0.011227443379638035,1.685648301419165,0.9804849995205722,0.5562175789975026,145.24324450153355,0
11111,-1.6379940357133889,-0.46029544419384677,-0.25588135767053166,0.8122397809392198,784.2033713306661,0
37504,0.4965781589647992,1.732215252485648,1.7921559107606324,-0.656910600497474,419.97022205530465,0
1802,-0.19425138823403457,1.0750828210359633,0.08110024404002149,-1.5383699989681032,500.580038153311,0
8155,-0.20623895895586652,2.368559127979192,-0.2197403034028768,0.7068174293137341,785.3126163816119,0
73656,-2.2779504178105574,-0.42403858199949895,-0.3168217612917976,0.9302561562419505,599.2465546793595,0
39384,0.7974842044783146,-0.35342674373599603,-0.24419983519242836,0.8849933860811098,201.89762871522476,0
47254,0.14520406028545818,-2.02666212974334,0.110821095133803,0.2090692301178654,590.6424264917418,0
21918,1.7951645566389633,0.5711939205679621,2.512407576578319,-0.9670682434720708,408.2252251216761,0
85981,-0.07450764653117267,0.37525125561871836,-0.3388596700993594,2.43776958805973,470.0560165018188,0
60713,0.5663401305190223,-0.5629936715356667,-0.3063534607713095,0.47978744298417564,29.282963128265116,0
30306,0.8318181761052628,-0.08185073148805803,0.06559384568317861,-0.17388664158916786,210.81932016676532,1
16646,-1.7461615586611912,-1.3112210101751152,1.0902745063442603,-0.16944923748336765,281.75704329964725,0
46843,2.616699946601593,1.198444952831686,-1.4209845610727792,0.1495974780735538,713.247047850947,0
96601,-0.43079238792261676,-0.48969947452831014,0.45509273690964525,1.0696082621579808,12.480980824817198,0
90735,0.4945666021424846,3.0940490156209512,-0.817425176021162,0.18962812330545253,409.36848396790293,0
16371,0.6405820069491515,-0.1756013007110328,0.553272688950949,0.8585131534474972,924.1028435553071,0
77371,-0.8147841279902974,-0.7596188410483099,-0.49375994236045617,0.15139768789320732,112.76873593257473,0
2049,1.846980331447603,-0.4123131187348619,-2.3041023397572866,-0.11235389147038086,516.9079638303924,0
31616,0.26595526935443237,-1.4119609765442513,0.3695776026874853,0.6412503933283891,786.7358600084561,0
20932,-0.21347263690733373,0.48227189070294224,0.36114477034686865,0.6032860336737964,942.5887762125966,0
29855,0.1385079623884422,-0.4198996997791222,-0.5790803084794298,-0.16963411909515508,747.0298628941842,0
61434,0.7642521986090233,1.1312527903977379,-0.6383438601430024,-0.7492069577142593,720.8449830957617,0
72694,0.010798164809699931,-0.27474749517441743,-1.3113727250876526,0.3417289147404346,826.6616021055667,0
43016,0.8819299103832398,1.3844421116856467,0.7730999415388715,0.0783486689625938,446.7550197565661,0
7400,-1.6848721389677392,0.757455749317041,0.882215782466808,-0.5548717127707574,806.0386880852152,0
42642,-0.7479699898264902,0.028596776718344066,-0.8790508851758898,-0.8424004825367968,8.956440340705676,0
15151,-2.1388003148093153,1.5802325873508214,-0.5399344595388508,0.41047584389445624,924.6364943214281,0
51407,1.9970081568429456,0.9522934610372095,-0.06328912113896347,0.5500950570276945,443.8632030076581,0
66690,1.9839921276849344,2.9462128266632255,2.2708652810355465,-0.3600321146548607,553.8268076778819,0
4499,0.6266160675329846,-0.4094552449782045,0.5451217475889322,-0.5799370359129257,255.62736666596743,0
6295,-1.0126180709130315,0.0766161054584606,-0.9434155150083793,-0.8302551890371905,742.788302007581,0
59040,2.389878272218324,1.5687090110109296,0.3037803094905055,0.38225493914491887,77.55917066877356,0
12183,-0.6044144781317121,-1.5435378118351124,-1.3766915406380817,-0.8039770736407367,872.7631667442885,0
29299,-0.21320712690516425,1.3169435632325621,0.7179903099161709,2.2411345690207307,828.2887121773364,0
12874,0.15953340573072233,0.4393027576814708,1.6755473935444853,-0.41028143597099703,216.84405612852163,0
32711,0.45151594201896966,-0.8882107554472478,1.679791685083958,-2.425214277872601,809.5150738869771,0
5539,0.6438026017043184,-1.3630396585511215,0.7348935034743387,-0.030171666629134817,786.57137532842,0
53351,0.6839616374744509,-0.672489473130284,-0.5834123558681296,-0.07303347981880252,632.584381156195,0
61267,-0.1445240853539046,-2.284819572325572,-1.3009017565141259,1.1117185675241885,374.14665672278784,0
48354,0.6681009517567125,-0.4895394436915037,-1.4002050433691091,0.2881262367277042,272.227255427686,0
2557,-0.1892076594956772,0.6225563333425816,-2.8062171094985433,-0.8338351834398022,232.55180669906068,0
38360,0.5793034368722204,-0.47630064096882785,0.6938557630079215,-0.2863918734967766,319.29035380084355,0
82018,0.49729177783077516,1.388312701433808,-0.10283552022439946,0.3274197716509878,903.6548849890978,0
2200,0.7628472907981209,1.6599476027252877,0.9092161664531274,-2.1647142503104106,78.56313521279249,0
68497,0.6379666990209654,1.2756444826257742,1.428031485234788,1.338621734390451,829.0424049767057,0
46975,-0.44243237491129733,0.23064091026436495,0.09990554390240976,-0.8311698858046648,349.54118496678177,0
21357,0.4587101715590127,-2.324679272486469,0.14596160971315017,1.417043820947617,522.0777966153469,0
77505,0.6533997379148864,-0.7036974920326059,-0.46432034449746645,0.39246514112658853,794.6911480148422,0
2869,-1.2911243889487058,-0.14203852677438686,-0.34608441717240807,0.6295941363939743,884.4921704759483,0
61135,-0.2740443572310294,-0.8938676495048108,0.7284699124729339,1.1494234360012723,345.43663865257435,0
50108,0.6081138912183334,-0.13950547548657105,-0.1743750303653105,0.5731320526924983,462.38163779383524,0
94179,1.7092924947296217,1.6100674686933796,-0.3190076667528238,0.6728862163174513,415.1015487519755,0
90272,0.8249001861287341,-1.6457765295153182,-0.01831685944285117,-0.16441644046138135,14.237782470406637,0
38467,1.7723779869775955,1.8116920561190266,0.8863301960615896,0.37216868147209525,296.64694596979797,0
23328,-0.39837339017694856,0.8847264217541372,-0.6926615578301026,-0.587497814971743,459.7300444988293,0
91412,0.250190492247643,0.26821680827769556,-0.06652851755203266,-0.34341109958796745,411.68251527155934,0
86831,0.8057352995261183,-0.7136165557407638,0.24527783777842976,1.9646950479689085,722.2072982881638,0
3987,-2.326351713499777,-0.8739503454914255,1.1602219035852392,-0.8081935850504217,385.41881360388214,0
58871,1.5108032181145261,-1.6262177145887398,-0.23929677679941885,0.15431712663628072,489.88707252169957,0
22399,-1.8609098808546465,1.7167654803143868,-0.7178233860517221,0.11346903671547612,430.178983540231,0
46214,0.9969400682784031,1.5376115600740414,-0.4843609442723555,-0.3107544717807992,740.8855227454761,0
99522,0.6868317905426461,-1.4062846285832822,1.0530574330153792,0.5144009365704378,863.1094265879756,0
86416,-2.3395930025148863,-0.5526279949062014,2.0333052986034645,0.589722092741383,532.3571899285066,0
70271,-2.2890612569329973,0.4331447692319086,-1.3137578136860328,-0.9258191831475792,789.642762000996,0
44064,1.4324819174525059,-0.29950913817220803,-1.0953016150698571,0.10135671154655138,297.4898953378307,1
70091,1.214722059686548,-1.9186747570318177,-0.16879678670214526,-1.082367338772357,541.8282405471115,0
40818,-0.8808636444882607,-0.6577727605556882,0.11095609606804342,0.788548618317301,345.88472371630246,1
45525,-0.8818788950440642,1.9510342980200188,0.7869695655549953,0.17648731036262533,414.78672464625845,0
19830,0.5126049723762208,-0.5899785904144441,-0.8911330086014864,0.08232988671708727,732.6814509478559,0
17429,-0.012744150488368224,-0.16346733670220695,-1.0631090366494642,0.6590313488724031,881.78081985038,0
6893,1.0543952158491143,-1.1451774240353807,0.13808715313362985,-0.2755102904684009,122.37389569667765,0
79909,0.47958092443308675,0.587762985283748,-0.2584007202071684,0.9140219592182045,635.0046172308931,0
47333,1.5830307939565351,0.1151517990245837,0.9267209977715248,-0.9484448727561359,582.5616637702207,0
3436,0.9700777779137266,-0.7420197415569786,0.48735980319038374,1.4118765188945275,119.29662413675595,0
74290,0.7207730491405775,-1.304655395807425,0.5553793476332188,-0.5509111825548537,212.68243610966897,0
76213,-0.3521247203036739,1.4045433740108757,-0.10448134637686655,-1.6961790676955877,311.6914922379476,0
5895,-0.4253212341618447,-1.6055434066410803,2.3555802585682057,-0.32853490846273187,167.76413974668398,0
19738,-0.051758984705300826,0.503815695589555,-0.83774798159376,-0.441968197254209,244.48575304181745,0
30746,1.840943069937208,-2.153879244711573,0.610809833754775,-0.3360739861500365,268.3331980628458,0
49377,-0.4062747293897843,0.7072116830123825,-1.2696899870731073,0.23164801548398284,336.3381592060206,0
48404,0.260528987074016,0.9702988872600607,-1.0734676777394523,1.0978423608882726,749.6410623483579,0
54045,-2.2448029077073093,1.0947837116399135,-0.607345598765455,-0.1917059138971368,572.3402916467501,0
97888,0.6758087300440805,-0.1612084685698682,1.629323336618026,-0.6916175698189009,986.26042527945,0
39790,2.2571982810931392,1.584003605563696,0.2638944304540191,-1.1265468122837972,415.32109114050354,0
5600,-0.9336381092629248,2.307791694996068,-0.5904780685443752,-0.46818279130904433,754.1112087630881,0
94660,3.1744421371267584,-0.32162313604596326,0.3744363259545732,-1.8878248392503527,871.5969529551572,0
93179,0.18224060465665337,-0.45100503012992765,0.035147881424508566,-0.7251330935163611,679.2995145450038,0
40764,-2.572931241384344,0.14917726034493564,-0.4919733691391198,1.2440538958621863,412.4528756770785,0
74543,-0.3855382399679112,-0.47768014589420715,-1.3966288557882276,-0.8233592045784229,753.8410361150072,0
45714,1.3304385632690832,-0.6238701960101206,1.43854248451229,0.6287158608003051,204.46347063491217,0
56835,1.9993172062498041,-0.5367385402415096,0.20981812871004196,-1.2264820898084898,328.2246130149523,0
73744,0.7180985482516836,1.7157560080062453,2.1737383734682387,1.7710958993105541,547.1385698441895,0
56491,1.5675944208789678,0.771881995035432,0.9403216205408799,1.83760673306471,575.8339778988621,0
18589,-1.1777855414923533,-0.4809461272580911,0.5513197247610424,0.5910215565598763,23.11933399715683,0
43484,-0.6802615871939081,-2.455125025722286,-0.435204328616967,1.9912526016435215,945.1690745672527,0
82989,-1.6794592820017904,-1.5444644936064675,-1.0953455638569167,0.3557929749276622,696.9306439461726,0
36212,-0.6050630759919033,0.5034290826018777,-0.21773098448844722,0.768517114149556,496.20804648165915,0
43525,0.7619189864356664,-2.1215559413888174,-1.1242925942058308,1.2619338767315347,933.1941071739001,0
47202,0.21265576238301925,0.2929935274519557,0.6501903807307544,0.17971845309844922,439.65646968557763,0
32635,0.8678490366631822,-1.0655637248650256,1.6326524976971304,-1.5523774615850614,980.4551347001014,0
63208,-0.9365140174967367,0.09180577458067339,-0.2609122661171302,0.7889633552343978,512.7724724862417,0
33828,-0.8755250268118666,0.06385630133414286,0.944490972391197,-0.4718595944334637,115.17148422798148,0
18711,0.20461020952491282,0.12058993389071061,-0.6892290702168566,-0.39752982095545997,765.0361714868179,0
3420,-0.6026478053053154,-0.3944218470785206,-0.3024668382073511,0.2978949164786898,679.2188273527627,0
96752,1.3018491681600952,-0.42728562560773226,-0.814963984565443,0.5662808797173705,773.2137345842812,0
301,-0.6274188843774771,-0.7207904189364387,-2.1331330350705104,0.15013463400621807,951.4905866969553,0
45236,-0.49538924293124686,0.48389231724189,-0.0365333499186106,0.6357295361573088,776.7128133483671,0
66235,0.41883941386848694,0.8051926747809481,0.12845173759775266,-0.7068571340601965,611.7252656144302,0
54240,-0.3892881917274929,-1.2189725225361263,1.0658609987616374,-0.04270379472328346,857.45159345848,0
65726,-1.2349443935374134,-0.051628472292269405,0.7954382526692877,0.8490854504508708,673.5731929151771,0
10492,-1.0993558248320887,0.19658207348773796,0.8089528990389954,1.772791176436716,408.71093776909714,0
6102,0.5377659584069555,0.18377113462304207,-0.974036223117877,2.1264355889732087,885.7341444775315,0
50336,-1.3587115145620603,0.16676961959651773,0.45949730607069206,0.4329766827277315,222.6785603235885,0
85314,1.397164427548811,-0.40203481034522437,1.5825939654815921,0.8400098267456074,714.9266336338155,0
26641,-0.6903992843017499,0.27903042546253914,0.3798678507090812,1.981579164815191,881.6818914858162,0
34584,0.6162158169680608,0.6180287109836201,1.8285936130649973,-0.6708360367334946,731.585203183593,0
32745,-0.6304126240296342,0.14103665582256417,2.0189661111198633,0.6296998527125833,697.578143634803,0
23093,-0.9152413799963651,0.505939836533724,-0.26846827029164544,0.7683429494861461,752.8856557777642,0
66105,0.24610368229018212,0.9903534110375071,-0.6969397450805717,1.4478614360767446,465.59019305234375,0
51885,1.0517834670159,-1.850940357895268,-0.7614621654189501,-1.1371413805362223,874.2965114748689,0
36631,-0.24736775086010465,0.9434638418653676,-1.51613582010322,-0.9394057838005169,204.23303866095512,0
72991,-0.06547735375746008,0.34242776522127466,-0.5184028994155219,0.021382211104705912,128.25902958433895,0
4014,0.8074173610828009,-1.1116253277387267,1.2076654497562465,0.3777276623216355,286.22327133839303,0
11093,0.8405272502515564,0.8024708823196885,-2.20403757525124,1.1228639537338077,532.0458193782182,0
18070,-0.03849172001974105,-0.39832090602396175,-1.0374534007137464,0.5175437758122711,511.0512336139288,0
35777,-0.4434798924852888,-0.26196643631855293,-0.1271314416519976,-0.1514132301102838,820.7781589189101,0
56958,0.08265595944503167,-0.507679782465662,-0.8771852006217002,0.4164614447561407,405.1640877476134,0
82074,-0.19091149138834293,0.3023988442382246,-0.5272859442402204,0.3010444762744516,484.8600818652171,0
10729,0.31297415181685184,-0.7853531425120531,-0.5123296744223036,1.7450164299877884,14.354315576136239,0
99713,-1.1942704268457527,0.9014746299477859,-0.25754022006174887,0.16565894356853242,410.3294972064961,0
45017,0.27718157935874665,-0.13886258719467168,-0.7294546961097387,-0.38308341355256376,648.1264587173918,0
66320,-0.7183034161707487,-0.3642024834879375,-0.8112132138555481,0.4496090300718297,16.49282229596559,0
27751,0.905887611490503,0.7528756776139701,0.9343097459212313,0.19848531933853208,281.60108322105754,0
78069,-0.6724678493705154,-0.3195567623190806,1.0496541778603452,-1.570993355674672,208.74840293010055,0
54748,-0.6551097671909321,0.9481768253623012,-1.3805433452474094,-0.015652061622168915,42.94344348067864,0
5801,0.44539882441174045,0.9795929508408657,-2.759597399272884,-0.1007382454060053,479.78082982462297,0
19190,0.01421188881619715,-1.334803838218977,1.063374849570931,-0.5438718657793162,182.54156993492833,0
49689,2.2766516263988374,1.1092602022229239,-1.2288004185521375,1.0355832876229722,743.3384580917487,0
50993,-1.6293026105542523,-1.4620359715018856,0.21274483845973985,-0.7856795966119959,848.0799558795851,0
29592,0.10985294695474446,1.1715805268825108,-1.5656718730282173,0.4556186195245386,546.0395974864787,0
10647,1.1296494849723704,2.028357192230239,1.297754985259672,-0.14785699984373055,981.7256351786205,0
8716,-0.5783139229273008,0.8748344382691315,2.5436678953015277,0.10769500564678253,451.0280928991247,0
88891,-0.9105578447398801,-2.156980644699673,0.18280690920533663,0.411786291045867,513.8548420146906,0
87545,-0.8708646476463285,1.0635657193860184,-0.09410264845951667,-1.3075743838910012,989.2285362037924,0
89912,-1.6119611796500846,2.2461289659360117,-0.32213957519006386,0.19166089173478287,232.31688752908377,0
70316,1.3497046273106952,-0.30303164099802926,0.7817993113129117,2.2889474897132067,942.6033937372283,0
2368,-0.3296173418064082,-0.03470332002989009,0.5676867509345856,-1.5567633458787242,43.79471756399413,0
77575,-0.4480271398002305,-1.1884867219264321,1.0034984535528646,-0.05760796371550484,446.9405033729316,0
6655,-2.1240980743301736,0.31207941881966916,-0.6279165225980826,1.12323932482382,70.9335086209327,0
70031,-1.4337085724618848,1.269177182543129,0.34011770640464495,0.301619247953597,729.5055081707294,0
76429,1.465389755519094,0.6977371281494539,-0.5424680667061961,0.6879669521160333,608.8005269441378,0
91083,0.30310566610057876,3.1419669772877987,-1.0577156480700542,-2.375666011092616,706.9276292041288,0
87922,1.166500829925106,0.03302704296579728,-0.041015421003463615,0.5982493746299504,375.10591956804893,0
55766,1.03999243982983,-1.6306733674152643,-0.9225127303770821,-0.7616882062335985,370.1124520973489,0
13403,-1.0006202805729405,0.17097097156821917,1.1737269977425884,0.3098772845831466,46.27395968193371,0
32097,2.429847728653969,-2.4164517652124897,-0.861920378015823,-0.02943473090949095,350.59499459011016,0
78657,1.9497325956012295,-0.5331039248645136,0.3635459406873598,2.278333029161633,929.3591138597974,1
10966,-0.5637664421230352,1.624382058600212,-0.6034222987597224,0.5466953237658755,379.84731064326854,0
99157,-3.568205299359882,0.32513364863177135,0.2770627504375121,-0.11262382926278598,831.536338515748,0
93848,-0.35653208994407665,0.17941681283126878,-0.5239965734553564,-1.5096927592535545,842.4831792451841,0
52921,0.2382962621214486,1.8207803767153563,-1.2572112748575375,0.12114690184989671,373.8679152228546,0
49726,-0.5677190347756907,-0.27059989166337,0.48377274095184525,0.8232288783468227,632.3566917157929,0
50300,-0.22152209668471706,1.2618204129341088,-0.23541562191322188,-0.08055189181922313,96.27623067078557,0
22677,-0.8286580363377946,0.1293069751663404,0.28598494072245934,-0.5056563599374411,104.57490215354221,0
55609,0.9216347183538475,0.38004746345902624,-0.4288429356304376,-0.5725866638463186,49.6090059980516,0
96825,0.06363324036855514,-1.2173048558630128,-1.327936513768452,0.5351414354553207,581.4340782817344,0
56661,0.9515140629429538,-0.4820467948282169,1.0831785970562564,0.7593879393091572,426.6449066484709,0
31024,1.222203346207937,-1.3975182328438736,0.7367577554410882,1.3612101153211187,548.4843243075759,0
70313,-2.174323564086647,-0.09524507822534518,-0.5669609755532439,-0.994999893210358,521.5521173178795,0
53006,-0.770522210834103,0.3904023439162669,0.06977921349879786,0.5259775584176167,350.85278809963955,0
95285,-0.6240292936405436,-1.110038105091452,1.042019483162937,-0.12170395441786715,677.7959414086495,0
15338,2.571372359688783,2.049178922684823,-0.45703833586239695,-0.09223420463328048,758.7433790354743,0
68027,0.14900536690032426,0.2781060190919608,-0.30188450519055177,0.4018258540340018,15.61363061879804,0
92772,0.8125605963630642,0.05779558558521928,0.24363250000737366,0.40765625362494734,208.03505746910943,0
80135,-1.8806917692745113,0.7696577513456252,-0.459091063554586,0.5287681057915735,713.5226322152535,0
19508,0.14321545249752152,-0.828928080865922,0.8570919969870224,-1.05747119219581,387.23355246120036,0
3051,0.9782929821162576,0.1634774791674533,-0.1689007803074379,-0.7498114071664587,662.8214629946666,0
48747,0.861965085060156,-0.7168662203575912,-0.784035874993974,1.485868275517684,347.61569707482386,0
87142,0.6233994389163516,1.5586799100889828,0.6086388298739945,-0.22057246748084,391.36439717730747,0
87235,0.01300050649512558,-1.0586393493970814,-1.1421306494313468,0.3060143980178964,159.52019481599524,0
54021,0.061568620625450994,0.06316545930717363,2.0148785611242137,1.0546663120431858,258.9727886464939,0
66412,-1.6932661747097895,0.3293157851517757,1.5824963635802025,0.46344307236081883,605.8063457500797,0
58335,-0.9005328851871436,0.39482574440770135,0.5134954769210153,0.5465226309720393,433.7299482038512,0
56179,0.23094395638816367,-0.5812351730828322,0.42933102181990196,0.8945776792437568,774.5283802616506,0
32093,-0.7159758069262055,-0.8955094021450978,0.38244141781929847,-2.116663760897,852.7323699834044,0
69678,0.6888382470327847,-0.566795173046099,-0.4890947859189071,-0.48995015516053475,542.1047717985431,0
80738,0.46678255026486243,0.5283254342102823,0.2973096456808423,0.4686057964995918,758.5090247640031,0
39734,1.3673702547219937,-0.14384577091196363,-0.9231326104578483,1.3876443070576574,307.59760868137545,0
72615,0.9582538261525709,0.7962088084525215,0.5038184184401812,0.06609555965577296,415.5562441846781,0
73523,0.22726140913456794,0.47700371939507324,0.8678469430312954,-0.8447164617560955,713.0648985406142,0
94476,0.7479804340619159,-2.2769126980996077,-0.3780861009833345,-0.8180860496105022,386.82578082421367,0
17019,1.0051021622996559,0.24749779683721096,-0.5951017941547194,0.8838612034530742,588.9164302238298,0
83613,-0.5074372859079823,2.25045476781627,-1.2124770246479097,-0.21777358239188666,186.187406303429,0
91794,-0.32933099831980206,1.3252690510383311,1.457955233565691,-0.007200045790336603,600.1715436555274,0
86672,-0.09682603739341075,0.4220131607069687,-0.5156640338422114,0.6150301937723192,861.6521935196666,0
73847,-0.4755305441643494,-1.0593921304699438,-0.19873903601662316,-2.901523682693579,868.7710001836022,0
82750,1.0156869450634842,0.477553716125646,0.3001555849957256,2.0003675115080815,724.6200619232101,0
79634,-0.6273105416773042,0.739749939878259,0.2822076428899346,-0.7310738350510614,746.0076256970499,0
28251,1.2516514713998244,-0.2537466808275839,0.7465600956810698,0.24193636947357172,558.36951770555,0
25945,-0.3669731988803826,0.3167420588044375,-0.3793299198383287,-1.7046970134962711,585.083422075659,0
90852,0.47239664283935817,1.5096624583960405,-1.138667938470913,-0.4225411104050376,134.51693082910748,0
32217,0.16641514876288835,-0.8572744197417258,-1.313665308972316,1.2446880463650967,444.4153292328798,0
8308,-0.9759798082916668,-1.058299604959127,-0.5792552328428465,-1.9161671796658788,451.32550760247744,0
5949,-0.01988972949079046,0.6926993259942127,-0.951850474674624,1.1262000871891409,958.5393378320724,0
51990,0.3336435314505972,0.4575426361980803,-0.3036167053077582,-0.2736960962323843,431.65577576066613,0
1150,-0.06429268711049792,1.0288382954128117,1.3075788107599826,0.48716444022019184,549.7933022578549,0
89480,-1.342706558506284,0.5697938119037697,-0.37727820588368893,0.6575244134851105,533.7181478798234,0
74740,1.7014292435261715,-0.5677550631741938,-0.3776508613345567,0.44142149949092546,637.1249553272828,1
66617,0.08769948286173615,0.43219265146540486,-0.016398776255788415,-0.8649506516308265,748.484598500564,0
94841,-0.7943025751635218,-1.1421265432961736,-0.4056249912120662,-0.3645491465350236,225.81683429470124,0
16896,1.6207680234672743,-0.2503187117329938,-0.067391235718194,-1.4615561772508157,529.1956946793373,0
46175,0.6173898097203253,0.5027992309664041,0.5408692224813465,0.49179633158807967,826.0917896087144,0
7805,-1.2001699964016093,-0.3605142167238898,0.884751054763314,1.7020551540159257,463.651599123674,0
5237,-1.0444947463998786,2.468052182229827,1.0032131997390237,-1.8244408866764625,279.17908882719945,0
20056,-0.22239471988784232,-1.8921842488236669,2.05685222073102,-0.7616459061380355,655.0543662809428,0
45543,0.29730697884982243,-0.5474903569988108,0.5693594461724379,-0.1817752758829333,823.9436284033238,0
56556,0.6227998314639218,-0.9377798338699104,2.234478901349309,0.17334142371355432,64.07715263446393,0
3343,0.9501784795285676,-0.7003488074579535,-0.7764818080596431,0.8791763014344264,777.0136929238199,0
13500,0.5395724064001427,-0.6429982234808785,2.091284902424585,-0.15219998035766666,821.8262850288094,0
53222,1.3467459786409957,-1.3264206868589932,-0.3803760542195902,-0.31595872644565043,462.0614046610182,0
29375,0.1267931596804698,0.7527021485726273,-0.2820189307630354,1.1031307060697408,983.322351161649,0
9662,-0.7596393804782222,-0.5470952973871014,-0.11987254742287344,0.6619955670633052,786.9216323666018,0
16964,-0.0033508696589735886,0.16357333558865472,-0.21862071115873113,0.5389779757010986,773.8889023307701,0
59638,-0.06898066034579202,-0.43482576191024497,0.08584039672650315,0.11251571158811427,748.0907358376597,0
73666,-2.578215429662492,-0.6908804122862098,-0.5800280024884393,0.9831522109198587,151.45749511505574,1
85067,-0.5613668590956585,1.6722792360868495,0.829962173071372,-0.6563093912302665,218.0136555665578,0
67215,0.3142037329504508,0.9229321822094079,-0.5528350346211797,-0.7926942821860782,464.5261413329606,0
69042,-0.4242155652117862,-1.8682003999551449,0.6556103982528916,0.7461009868693241,264.7403456095064,0
13284,-0.646209361822999,-1.974137448335887,1.5277236195237645,-1.6250359692469083,415.8257313617064,0
72789,0.9113761958045637,1.0426088356364869,-0.3571023698077398,0.09217950963648716,888.5756458129978,0
84664,-0.9165458247754396,-0.5198533915487539,0.7943834179791774,-0.31655835226251205,824.50256498739,0
93468,0.711622650470823,-1.6490823339342227,0.5591592889031847,-1.4057547306529559,630.4098386015022,0
61389,-1.3327444707882847,1.045735132540341,2.25288688221975,-0.9312675797162645,858.2622738568524,0
9435,2.760761935726184,0.16912405009909032,-0.50483056484495,-0.10897609229534928,783.988616628232,0
54340,-0.21568552690125734,0.2515710848323196,0.795071616805784,1.0339632564990227,429.55594690904957,0
44078,-0.32326528929605625,0.8095392720059075,-1.6260110917765531,-0.6529579912578111,201.8640868978952,0
78832,1.1430659028899188,-1.3099771582823936,-0.49585841073681297,1.2133813999049934,514.6868389693299,0
